State,Soil_Type,Season,Nitrogen,Phosphorus,Potassium,pH,Rainfall,Temperature,Humidity,Crop
Gujarat,Alluvial,Zaid,128,73,94,8.24,842.57,22.72,62.45,Sugarcane
West Bengal,Red,Kharif,72,29,114,6.47,1342.54,24.22,70.64,Maize
Telangana,Arid,Zaid,137,61,115,5.18,535.56,34.24,72.16,Barley
Kerala,Arid,Kharif,93,83,110,5.14,1548.86,35.27,87.36,Maize
Haryana,Laterite,Zaid,126,40,49,7.01,1182.25,25.01,61.88,Sugarcane
Karnataka,Mountain,Kharif,71,99,21,6.38,567.32,38.68,53.98,Maize
Telangana,Alluvial,Rabi,92,95,81,5.1,725.44,25.16,87.22,Sugarcane
Madhya Pradesh,Alluvial,Zaid,86,85,68,7.04,1547.5,34.3,68.53,Rice
Gujarat,Black,Zaid,110,60,28,5.04,1068.68,27.1,47.89,Cotton
Punjab,Laterite,Zaid,146,43,111,7.76,588.86,37.44,37.59,Sugarcane
Bihar,Black,Zaid,105,54,50,6.07,1941.09,37.69,80.55,Maize
Gujarat,Black,Rabi,52,75,117,5.14,1487.23,17.19,51.73,Barley
Haryana,Black,Zaid,112,49,80,7.06,1922.84,38.41,69.63,Wheat
Haryana,Mountain,Rabi,68,76,98,6.39,968.79,35.64,58.25,Barley
Karnataka,Mountain,Rabi,72,66,67,8.41,1055.18,34.78,41.94,Barley
Madhya Pradesh,Red,Rabi,78,54,44,6.9,1816.32,20.02,66.1,Maize
West Bengal,Red,Rabi,79,38,55,5.96,1145.09,35.13,33.64,Barley
Karnataka,Black,Kharif,88,27,27,7.48,1473.1,36.25,54.8,Barley
Karnataka,Laterite,Kharif,74,45,92,5.95,653.91,22.23,62.8,Tea
Bihar,Alluvial,Zaid,57,90,77,8.16,1004.11,38.81,56.16,Rice
Rajasthan,Mountain,Kharif,107,49,64,6.31,422.21,16.25,74.92,Apple
Madhya Pradesh,Laterite,Kharif,65,26,81,6.92,570.76,18.75,79.68,Wheat
Maharashtra,Arid,Zaid,121,86,58,5.18,201.7,28.44,76.27,Bajra
Karnataka,Mountain,Zaid,50,84,115,6.49,270.68,29.39,32.33,Barley
Odisha,Mountain,Zaid,54,55,77,7.91,1959.11,31.13,41.65,Wheat
Andhra Pradesh,Red,Kharif,52,44,100,7.82,636.24,15.42,62.2,Millet
Rajasthan,Alluvial,Kharif,114,56,118,5.79,1393.96,39.01,86.09,Rice
Maharashtra,Alluvial,Zaid,53,20,102,5.79,1710.38,16.11,80.1,Rice
Odisha,Arid,Rabi,148,34,83,7.86,1191.19,18.58,80.55,Maize
Madhya Pradesh,Arid,Zaid,145,56,63,8.26,475.66,15.35,48.19,Bajra
Uttar Pradesh,Mountain,Rabi,113,32,48,5.33,1510.61,29.17,55.77,Wheat
Odisha,Black,Rabi,147,27,78,6.58,1280.45,38.31,58.24,Sugarcane
Punjab,Red,Zaid,138,24,90,6.18,1516.25,31.65,39.44,Sugarcane
Rajasthan,Red,Zaid,59,79,111,8.05,1585.54,35.57,31.86,Wheat
Telangana,Mountain,Zaid,70,92,28,5.29,1955.74,15.33,86.81,Apple
Odisha,Laterite,Kharif,95,20,111,5.74,1232.41,28.55,44.44,Tea
Tamil Nadu,Black,Rabi,140,55,25,7.63,814.95,26.49,44.4,Cotton
Uttar Pradesh,Mountain,Kharif,76,54,48,5.18,1367.24,27.47,35.0,Sugarcane
Haryana,Black,Kharif,115,85,77,6.72,323.19,16.81,85.71,Maize
Haryana,Black,Zaid,90,82,36,6.55,1815.32,32.11,64.78,Cotton
Kerala,Black,Kharif,62,42,35,6.17,414.89,27.58,70.02,Cotton
Punjab,Mountain,Zaid,58,28,106,6.38,790.12,34.13,84.69,Sugarcane
Odisha,Red,Rabi,85,53,114,6.85,1668.34,27.13,50.74,Wheat
Odisha,Red,Zaid,135,65,22,5.56,1275.16,18.73,67.29,Maize
Kerala,Black,Kharif,139,97,40,7.0,908.54,31.21,32.33,Cotton
Andhra Pradesh,Laterite,Kharif,107,23,83,7.82,1052.18,19.31,41.21,Sugarcane
Andhra Pradesh,Alluvial,Zaid,103,49,109,7.66,1738.19,36.81,79.87,Rice
Kerala,Mountain,Zaid,61,94,55,5.54,812.01,30.33,76.01,Maize
Andhra Pradesh,Alluvial,Kharif,130,91,105,5.52,1765.37,18.93,51.04,Rice
Bihar,Laterite,Rabi,127,22,81,5.94,358.64,39.06,52.61,Tea
Odisha,Mountain,Rabi,63,33,61,6.26,1598.24,27.96,62.01,Wheat
Gujarat,Black,Zaid,83,79,95,6.43,1725.59,16.82,30.01,Sugarcane
West Bengal,Red,Rabi,102,96,61,7.38,527.27,30.67,44.47,Millet
Tamil Nadu,Alluvial,Kharif,69,64,80,5.2,974.62,21.33,42.49,Maize
Bihar,Arid,Zaid,124,53,32,5.12,497.9,35.09,45.03,Bajra
Madhya Pradesh,Arid,Kharif,65,64,30,6.37,1471.89,35.45,78.35,Maize
Bihar,Laterite,Kharif,144,80,73,7.44,1163.63,39.47,46.78,Sugarcane
Gujarat,Black,Rabi,119,35,35,5.68,1343.58,27.55,41.49,Cotton
Madhya Pradesh,Alluvial,Zaid,105,85,27,7.25,553.68,26.37,60.26,Maize
Tamil Nadu,Black,Zaid,132,59,78,5.91,581.14,33.84,81.94,Cotton
Gujarat,Alluvial,Rabi,107,36,76,8.1,274.7,18.31,44.48,Maize
Maharashtra,Laterite,Kharif,53,53,59,8.13,779.72,28.67,34.71,Wheat
West Bengal,Laterite,Kharif,53,35,78,6.04,1207.54,28.66,51.38,Tea
Tamil Nadu,Arid,Kharif,69,79,21,5.8,1744.28,17.24,74.86,Wheat
Odisha,Black,Kharif,59,85,113,6.44,1400.47,25.45,63.04,Cotton
Andhra Pradesh,Mountain,Zaid,73,85,113,5.84,983.71,36.33,79.01,Wheat
Maharashtra,Arid,Zaid,148,32,95,7.35,1915.62,36.4,87.58,Wheat
Punjab,Black,Rabi,75,75,29,7.89,1494.64,17.48,77.56,Wheat
Tamil Nadu,Arid,Rabi,86,50,63,7.36,1874.3,17.27,66.23,Wheat
Punjab,Mountain,Zaid,134,53,30,7.89,1149.66,21.57,59.6,Sugarcane
Madhya Pradesh,Red,Zaid,103,58,98,6.39,666.03,36.87,32.4,Millet
Maharashtra,Red,Kharif,70,86,99,5.55,295.09,18.22,89.06,Millet
West Bengal,Red,Kharif,123,27,100,7.58,1506.95,33.0,53.01,Wheat
Odisha,Red,Rabi,87,97,109,6.26,418.35,17.53,39.13,Millet
Kerala,Alluvial,Zaid,95,74,21,7.35,745.0,30.58,70.0,Maize
Odisha,Red,Rabi,53,46,69,5.95,1158.45,23.9,47.06,Sugarcane
Gujarat,Mountain,Zaid,109,72,31,5.28,1215.95,34.72,65.15,Maize
Odisha,Laterite,Kharif,106,58,109,8.47,1281.05,20.84,65.21,Wheat
Telangana,Laterite,Rabi,94,84,42,5.55,499.26,30.98,56.74,Tea
Karnataka,Alluvial,Rabi,69,36,37,8.46,883.53,20.89,80.17,Wheat
Kerala,Red,Zaid,66,49,81,8.42,1310.95,32.84,45.9,Maize
Bihar,Red,Kharif,120,72,115,7.78,1945.67,36.84,56.92,Maize
Andhra Pradesh,Red,Rabi,53,32,81,7.31,1509.74,18.17,62.26,Maize
Uttar Pradesh,Arid,Kharif,142,40,57,7.02,1860.69,36.66,69.82,Barley
West Bengal,Black,Rabi,63,38,86,8.03,1571.98,29.84,77.04,Cotton
Maharashtra,Arid,Kharif,52,72,57,6.01,1265.09,18.18,53.69,Barley
Karnataka,Black,Zaid,137,38,86,6.64,545.64,25.69,68.76,Cotton
West Bengal,Red,Rabi,129,76,113,7.17,1400.03,19.02,39.04,Barley
Maharashtra,Red,Rabi,107,44,80,6.44,1322.08,32.51,85.96,Barley
Andhra Pradesh,Arid,Kharif,104,50,20,6.5,1284.44,33.97,52.98,Sugarcane
Rajasthan,Arid,Kharif,53,74,113,6.16,1081.61,17.64,73.77,Wheat
Rajasthan,Black,Rabi,73,42,64,6.97,1151.58,27.65,31.22,Cotton
Punjab,Laterite,Zaid,83,51,115,7.98,802.0,35.37,42.31,Maize
West Bengal,Black,Kharif,79,81,47,5.71,1134.76,38.4,59.22,Wheat
Rajasthan,Arid,Kharif,131,93,40,8.27,555.6,27.84,82.7,Maize
Telangana,Mountain,Kharif,68,29,32,7.41,1649.31,38.76,61.64,Wheat
Kerala,Arid,Rabi,80,91,46,7.88,534.4,28.39,85.79,Sugarcane
Maharashtra,Mountain,Rabi,109,73,119,6.95,352.94,24.85,59.03,Barley
Punjab,Alluvial,Rabi,109,71,26,7.73,985.24,36.21,59.43,Wheat
Odisha,Arid,Rabi,68,39,41,5.06,1384.95,27.32,37.18,Maize
Maharashtra,Alluvial,Zaid,98,51,93,7.86,987.89,26.8,78.16,Wheat
Punjab,Laterite,Zaid,112,33,72,5.14,698.16,27.26,44.82,Tea
Andhra Pradesh,Black,Rabi,132,69,98,8.11,1204.71,36.17,83.98,Sugarcane
West Bengal,Mountain,Zaid,71,47,98,8.47,824.6,35.8,84.65,Sugarcane
Andhra Pradesh,Black,Kharif,73,72,23,6.03,1879.16,25.09,86.6,Cotton
Kerala,Alluvial,Kharif,125,43,115,5.74,1860.76,23.33,61.21,Rice
Kerala,Mountain,Kharif,79,98,42,7.68,1104.27,27.3,70.63,Wheat
Karnataka,Black,Rabi,107,41,89,5.89,790.19,29.32,76.71,Cotton
Andhra Pradesh,Arid,Kharif,80,49,107,8.03,1526.84,20.96,37.86,Barley
Gujarat,Red,Zaid,149,82,103,5.36,266.08,34.85,66.06,Millet
Odisha,Alluvial,Rabi,113,23,103,5.44,1054.58,27.16,32.06,Rice
Tamil Nadu,Black,Zaid,68,96,95,8.43,805.38,23.35,59.85,Cotton
Andhra Pradesh,Alluvial,Kharif,97,78,52,7.36,1856.96,17.67,39.29,Rice
Karnataka,Alluvial,Kharif,94,27,47,7.96,221.61,20.97,40.98,Maize
Madhya Pradesh,Mountain,Kharif,149,31,27,6.14,1195.07,38.73,51.9,Sugarcane
Telangana,Mountain,Rabi,143,50,20,7.37,1533.19,22.63,55.95,Sugarcane
Maharashtra,Red,Zaid,104,97,56,7.08,1073.03,19.22,67.39,Wheat
Kerala,Arid,Rabi,104,53,82,7.11,353.73,26.52,34.47,Bajra
Madhya Pradesh,Alluvial,Rabi,146,94,41,7.39,1950.43,22.68,60.22,Rice
Karnataka,Black,Kharif,67,95,89,7.01,1132.42,15.88,40.96,Sugarcane
Punjab,Laterite,Rabi,112,68,40,6.5,1305.54,23.08,64.44,Sugarcane
Tamil Nadu,Alluvial,Rabi,141,98,115,5.97,625.9,28.6,68.24,Maize
Odisha,Alluvial,Kharif,96,76,54,7.69,1070.3,28.79,63.4,Rice
Odisha,Red,Rabi,124,45,98,5.79,972.47,23.91,74.3,Barley
Odisha,Arid,Kharif,106,37,24,7.42,334.81,26.18,50.14,Bajra
Telangana,Laterite,Kharif,94,57,79,5.82,391.09,39.14,75.91,Tea
Tamil Nadu,Mountain,Kharif,82,69,65,7.19,1707.45,24.43,55.97,Maize
Telangana,Mountain,Kharif,66,27,69,7.61,631.68,21.46,59.05,Barley
Kerala,Black,Rabi,119,60,67,5.77,550.92,21.09,68.89,Cotton
Telangana,Laterite,Kharif,53,25,25,5.21,1108.84,26.44,31.1,Tea
Uttar Pradesh,Mountain,Kharif,69,88,108,5.46,1583.74,33.99,69.24,Maize
Tamil Nadu,Black,Rabi,96,63,75,7.12,311.5,20.15,67.12,Cotton
Gujarat,Arid,Rabi,140,83,78,7.97,1238.25,32.73,48.59,Wheat
Tamil Nadu,Black,Zaid,64,48,48,5.16,414.58,15.53,35.15,Sugarcane
Karnataka,Mountain,Rabi,119,47,90,7.57,265.63,25.47,35.46,Barley
Uttar Pradesh,Red,Rabi,96,30,96,6.19,294.94,34.4,85.39,Millet
Odisha,Red,Zaid,127,84,37,6.67,1701.5,23.47,71.36,Wheat
Karnataka,Red,Rabi,124,38,21,8.25,412.35,29.09,37.63,Millet
Karnataka,Mountain,Rabi,58,28,27,6.16,281.27,20.12,51.4,Sugarcane
Kerala,Red,Rabi,139,46,94,6.63,988.22,33.55,65.55,Sugarcane
Haryana,Laterite,Rabi,65,53,116,5.05,1719.19,16.31,80.13,Tea
Bihar,Arid,Zaid,118,63,73,5.29,672.34,36.31,32.62,Sugarcane
Uttar Pradesh,Black,Rabi,110,87,57,5.91,959.08,19.95,44.2,Maize
Karnataka,Black,Rabi,59,34,67,5.1,271.86,36.86,83.38,Wheat
Bihar,Mountain,Zaid,99,70,46,7.21,1008.34,23.81,30.55,Wheat
Bihar,Red,Kharif,52,32,39,6.49,1239.7,33.07,42.08,Sugarcane
Uttar Pradesh,Red,Zaid,126,68,31,6.92,1227.63,22.98,87.54,Barley
Haryana,Alluvial,Kharif,143,89,62,5.61,798.37,37.65,66.8,Wheat
Madhya Pradesh,Arid,Zaid,119,75,80,6.04,767.96,18.17,45.7,Maize
Punjab,Laterite,Zaid,130,95,50,7.32,391.92,19.46,34.02,Barley
Gujarat,Black,Rabi,100,70,110,8.38,860.24,27.33,31.69,Cotton
Punjab,Alluvial,Kharif,68,56,115,5.18,379.09,17.05,44.68,Barley
Tamil Nadu,Alluvial,Rabi,91,36,80,8.12,1579.87,19.9,82.89,Rice
Odisha,Mountain,Kharif,84,77,93,7.02,1939.29,38.59,54.95,Barley
Gujarat,Black,Zaid,95,48,86,6.97,1946.13,39.41,73.22,Barley
Tamil Nadu,Mountain,Zaid,75,52,110,6.75,1757.13,24.41,85.1,Wheat
Karnataka,Laterite,Kharif,118,79,54,5.24,1281.43,38.08,54.48,Tea
Odisha,Alluvial,Rabi,142,74,114,5.31,1461.56,28.62,41.48,Rice
Maharashtra,Alluvial,Rabi,113,29,34,7.1,713.37,21.74,61.03,Sugarcane
Uttar Pradesh,Arid,Rabi,86,66,35,6.19,1335.39,32.56,84.49,Barley
Gujarat,Laterite,Rabi,133,42,32,8.21,1020.17,31.47,78.26,Maize
Gujarat,Alluvial,Zaid,98,40,54,6.42,1067.63,39.73,33.95,Rice
Andhra Pradesh,Laterite,Zaid,70,32,94,5.5,1564.0,21.63,71.55,Tea
Karnataka,Black,Zaid,123,52,78,7.5,707.45,31.8,64.31,Cotton
Madhya Pradesh,Red,Zaid,113,43,40,6.03,772.47,16.3,84.45,Millet
Bihar,Alluvial,Zaid,54,30,73,6.84,1864.36,17.84,37.35,Rice
Odisha,Arid,Rabi,149,36,94,7.44,301.2,15.1,62.04,Bajra
Karnataka,Black,Rabi,119,87,49,8.15,1074.14,39.99,82.77,Maize
Rajasthan,Laterite,Rabi,139,66,67,7.77,1843.04,35.06,54.6,Sugarcane
Haryana,Mountain,Rabi,53,44,54,7.37,1298.65,34.67,58.92,Wheat
Bihar,Black,Zaid,88,92,105,7.38,1183.53,27.74,34.23,Cotton
Uttar Pradesh,Alluvial,Zaid,84,40,57,8.31,649.54,22.5,46.69,Sugarcane
Bihar,Laterite,Zaid,50,31,50,6.04,817.9,18.78,49.47,Tea
Madhya Pradesh,Red,Kharif,73,56,97,5.0,1733.69,22.12,86.71,Barley
Kerala,Black,Rabi,106,61,43,5.95,1206.59,24.4,46.96,Cotton
Andhra Pradesh,Alluvial,Rabi,149,36,68,5.76,1126.54,33.91,57.65,Rice
Bihar,Arid,Zaid,119,67,115,7.32,379.24,28.49,70.28,Bajra
Uttar Pradesh,Mountain,Rabi,90,47,119,7.22,228.85,16.94,39.73,Apple
Madhya Pradesh,Laterite,Rabi,103,60,51,7.08,1934.63,15.45,59.19,Wheat
Punjab,Black,Zaid,95,66,74,5.06,878.58,17.56,74.31,Wheat
Gujarat,Black,Kharif,109,37,98,7.55,1285.78,25.26,82.01,Cotton
Kerala,Red,Kharif,109,97,77,6.13,343.49,38.33,67.58,Millet
Andhra Pradesh,Red,Kharif,106,90,118,7.33,1429.61,30.94,70.14,Barley
Gujarat,Arid,Zaid,80,32,22,6.95,1878.62,35.05,37.58,Maize
Haryana,Mountain,Rabi,133,32,99,6.2,1236.2,26.66,86.75,Barley
Tamil Nadu,Arid,Zaid,73,50,88,5.47,427.01,24.04,37.95,Bajra
Kerala,Alluvial,Zaid,138,21,104,5.33,1247.1,17.71,76.48,Rice
Kerala,Alluvial,Rabi,85,35,29,7.91,1579.42,36.9,45.89,Rice
Punjab,Arid,Kharif,134,28,102,8.21,931.55,34.58,86.02,Sugarcane
Punjab,Mountain,Kharif,79,92,44,7.27,1783.71,19.2,73.2,Apple
Odisha,Arid,Zaid,73,57,87,5.36,1367.63,27.81,75.23,Barley
Telangana,Mountain,Kharif,79,94,80,6.41,1818.65,27.18,43.14,Maize
Bihar,Mountain,Zaid,135,73,48,7.55,1322.31,30.63,56.58,Barley
Kerala,Laterite,Zaid,141,75,38,7.73,436.32,38.65,67.07,Sugarcane
Gujarat,Mountain,Rabi,56,64,62,5.41,757.45,29.49,76.2,Sugarcane
Uttar Pradesh,Red,Rabi,84,53,85,5.0,563.23,28.51,36.24,Millet
West Bengal,Mountain,Rabi,104,28,93,7.49,1835.89,16.26,87.74,Apple
Telangana,Mountain,Zaid,141,27,80,6.25,1568.72,16.57,83.41,Apple
West Bengal,Mountain,Rabi,63,26,62,5.89,1417.52,19.68,46.22,Apple
Andhra Pradesh,Alluvial,Kharif,59,55,44,5.05,741.74,15.81,79.37,Maize
Madhya Pradesh,Red,Kharif,129,37,39,6.89,531.28,33.58,61.1,Millet
Gujarat,Red,Zaid,65,22,67,7.98,1561.61,33.08,57.71,Sugarcane
Gujarat,Arid,Zaid,103,47,102,8.35,1053.48,18.4,48.87,Sugarcane
Telangana,Laterite,Rabi,144,89,106,6.98,606.42,35.9,64.86,Barley
Kerala,Mountain,Zaid,138,63,43,6.8,1309.92,18.87,73.79,Apple
Haryana,Black,Zaid,126,40,30,5.3,272.6,22.53,54.66,Cotton
Telangana,Laterite,Kharif,119,47,117,6.92,787.11,21.22,67.75,Wheat
West Bengal,Laterite,Kharif,93,73,74,6.33,1043.4,24.31,71.96,Tea
Telangana,Red,Rabi,122,73,47,7.12,466.33,21.37,72.67,Millet
Gujarat,Laterite,Zaid,94,84,88,6.36,1972.38,27.22,33.12,Tea
Haryana,Mountain,Zaid,149,40,82,5.84,576.38,25.19,81.58,Sugarcane
Bihar,Mountain,Kharif,105,32,78,5.33,434.64,39.66,57.5,Sugarcane
Rajasthan,Alluvial,Zaid,133,76,24,6.1,566.36,16.4,45.74,Maize
Odisha,Mountain,Kharif,131,68,70,5.34,1584.31,18.55,44.51,Apple
Maharashtra,Mountain,Rabi,106,73,40,5.62,965.91,16.32,58.98,Apple
Punjab,Red,Kharif,70,29,31,8.46,1217.75,30.65,83.21,Maize
Telangana,Mountain,Zaid,117,72,69,6.55,237.82,16.36,52.7,Apple
Andhra Pradesh,Alluvial,Rabi,99,63,23,6.86,261.98,35.91,74.98,Barley
Tamil Nadu,Black,Kharif,82,66,61,8.06,1002.49,27.8,35.81,Cotton
Madhya Pradesh,Red,Kharif,140,72,103,8.48,1669.98,28.18,58.56,Barley
Rajasthan,Black,Rabi,56,93,57,7.04,1793.43,29.04,89.5,Cotton
Odisha,Red,Rabi,119,65,44,7.84,356.07,19.27,76.23,Millet
Odisha,Arid,Kharif,64,32,33,6.14,1169.05,19.94,42.63,Sugarcane
Odisha,Laterite,Zaid,131,56,94,6.07,1843.81,22.97,60.09,Tea
Odisha,Arid,Kharif,81,43,51,6.41,898.35,29.84,44.02,Wheat
West Bengal,Mountain,Rabi,124,21,30,7.35,1693.22,20.25,54.57,Wheat
Andhra Pradesh,Black,Kharif,69,33,80,7.39,440.65,17.91,76.81,Barley
Andhra Pradesh,Mountain,Rabi,137,29,37,6.1,1883.71,39.25,76.27,Maize
Haryana,Laterite,Rabi,64,54,46,5.47,1552.56,15.55,43.69,Tea
Punjab,Red,Zaid,97,44,74,7.21,1894.4,35.07,85.33,Sugarcane
Gujarat,Laterite,Rabi,120,22,73,5.45,1417.91,34.7,65.55,Tea
Odisha,Alluvial,Rabi,70,36,101,7.02,854.13,22.43,52.8,Sugarcane
Tamil Nadu,Laterite,Zaid,91,31,106,7.43,1888.73,18.39,60.12,Wheat
Gujarat,Alluvial,Rabi,75,73,94,7.45,696.02,18.64,66.3,Barley
Andhra Pradesh,Laterite,Zaid,63,43,40,7.64,797.91,32.44,63.59,Wheat
Uttar Pradesh,Alluvial,Zaid,106,48,63,8.06,1461.46,31.07,59.18,Rice
Uttar Pradesh,Black,Rabi,86,62,24,6.75,1577.57,34.57,60.3,Cotton
Tamil Nadu,Mountain,Rabi,107,44,106,7.56,1872.93,38.44,40.58,Wheat
Haryana,Mountain,Kharif,70,79,60,7.17,568.64,32.3,78.76,Barley
Andhra Pradesh,Arid,Zaid,131,84,78,5.65,1636.4,18.9,62.51,Maize
Tamil Nadu,Mountain,Kharif,118,47,108,5.09,1529.38,21.09,37.86,Sugarcane
West Bengal,Red,Rabi,52,35,73,6.0,314.83,36.05,75.97,Millet
Telangana,Laterite,Kharif,136,66,93,6.55,897.0,20.23,85.95,Maize
Tamil Nadu,Arid,Zaid,139,77,41,7.16,708.98,16.81,86.84,Barley
Bihar,Red,Kharif,86,95,102,7.97,748.08,32.58,52.14,Millet
Gujarat,Red,Zaid,137,46,84,5.69,1969.3,25.06,38.13,Barley
Rajasthan,Alluvial,Rabi,98,72,83,5.44,1357.0,38.0,61.1,Rice
Karnataka,Mountain,Rabi,68,61,90,8.37,1491.82,31.26,36.76,Sugarcane
Haryana,Black,Zaid,138,78,23,5.38,1957.91,17.26,86.04,Maize
Tamil Nadu,Black,Rabi,134,66,84,6.67,878.96,38.7,41.01,Sugarcane
Andhra Pradesh,Arid,Rabi,61,53,34,7.05,1643.31,21.46,45.17,Wheat
Madhya Pradesh,Black,Rabi,110,56,95,6.89,982.16,23.43,54.4,Cotton
Uttar Pradesh,Laterite,Rabi,90,25,41,5.3,1765.16,25.06,52.99,Tea
Bihar,Black,Zaid,82,26,105,5.2,525.18,16.28,77.68,Wheat
Punjab,Arid,Kharif,99,44,66,5.37,1905.84,27.41,57.38,Wheat
Odisha,Black,Kharif,117,52,100,7.05,593.79,18.08,40.25,Maize
Karnataka,Laterite,Rabi,120,74,112,6.91,787.2,25.02,46.03,Wheat
Kerala,Alluvial,Kharif,135,77,65,5.82,1561.15,23.77,60.55,Rice
Haryana,Arid,Kharif,82,26,33,7.23,908.76,34.32,38.85,Sugarcane
Rajasthan,Alluvial,Rabi,130,76,69,7.87,1294.78,35.08,66.7,Rice
Karnataka,Alluvial,Rabi,73,31,39,5.15,1000.23,18.84,63.94,Rice
Tamil Nadu,Alluvial,Kharif,110,35,69,6.74,1536.27,24.16,72.88,Rice
West Bengal,Red,Zaid,110,99,52,7.41,611.0,24.33,86.26,Millet
Uttar Pradesh,Mountain,Rabi,147,62,78,5.88,305.22,18.79,84.74,Apple
Andhra Pradesh,Red,Zaid,77,96,62,6.08,739.87,34.96,86.76,Millet
Uttar Pradesh,Mountain,Kharif,107,26,98,7.15,1053.76,32.68,44.68,Maize
Punjab,Alluvial,Rabi,92,70,31,8.14,502.44,19.76,37.89,Sugarcane
West Bengal,Arid,Zaid,90,92,59,7.83,838.64,24.17,48.14,Barley
Odisha,Mountain,Rabi,88,51,39,7.04,919.97,17.65,83.71,Apple
Andhra Pradesh,Laterite,Kharif,135,94,113,7.56,303.31,30.71,88.32,Maize
Gujarat,Laterite,Zaid,98,27,57,6.28,1249.95,18.03,81.56,Tea
Maharashtra,Black,Kharif,66,91,22,7.24,1791.82,39.65,36.6,Sugarcane
Bihar,Mountain,Kharif,147,64,47,6.63,473.14,34.52,86.85,Sugarcane
Uttar Pradesh,Arid,Rabi,119,78,75,5.66,1276.05,24.76,55.4,Maize
Madhya Pradesh,Red,Zaid,119,23,109,7.46,1396.53,29.46,30.56,Barley
Uttar Pradesh,Alluvial,Kharif,147,86,113,6.95,954.8,37.78,56.54,Maize
Karnataka,Black,Kharif,114,48,32,6.26,1461.98,28.85,32.76,Cotton
Uttar Pradesh,Laterite,Zaid,123,48,96,8.19,939.32,19.36,62.63,Wheat
Haryana,Red,Kharif,134,47,85,5.07,1108.35,24.47,50.31,Wheat
Uttar Pradesh,Red,Kharif,54,96,56,6.11,213.24,36.08,58.41,Millet
Maharashtra,Alluvial,Zaid,51,98,68,5.2,1445.1,31.11,66.79,Rice
Maharashtra,Mountain,Zaid,71,63,85,7.68,1390.42,31.27,82.13,Barley
Odisha,Laterite,Zaid,106,23,55,7.46,269.12,36.67,69.71,Sugarcane
Rajasthan,Arid,Zaid,115,28,73,6.16,862.85,37.35,56.04,Sugarcane
Gujarat,Red,Rabi,123,24,45,7.36,1962.26,37.99,79.17,Sugarcane
Madhya Pradesh,Alluvial,Zaid,147,75,94,6.39,957.33,17.37,84.33,Maize
Uttar Pradesh,Arid,Rabi,65,69,91,7.65,1103.5,28.6,37.19,Maize
Uttar Pradesh,Mountain,Rabi,100,94,59,6.59,1837.87,33.51,61.92,Barley
Bihar,Laterite,Rabi,88,34,62,6.44,1491.07,33.92,47.07,Tea
Andhra Pradesh,Mountain,Kharif,135,51,41,8.27,1247.73,30.17,32.82,Wheat
Maharashtra,Red,Rabi,125,47,39,5.88,1636.05,19.17,70.11,Sugarcane
Madhya Pradesh,Arid,Rabi,137,41,27,5.42,1755.86,34.94,81.77,Wheat
Odisha,Arid,Kharif,89,36,48,7.05,1022.4,33.0,39.77,Maize
Punjab,Arid,Kharif,87,78,59,8.39,1055.2,17.15,78.74,Maize
Rajasthan,Red,Kharif,109,90,109,6.32,894.89,26.6,81.2,Maize
Gujarat,Red,Zaid,108,76,49,5.22,1940.07,19.35,84.86,Wheat
West Bengal,Mountain,Kharif,59,45,100,6.19,1454.9,23.44,45.92,Barley
Gujarat,Black,Kharif,148,44,103,6.77,349.8,15.45,84.24,Barley
Haryana,Mountain,Rabi,113,29,74,5.57,1753.33,25.01,49.24,Maize
Karnataka,Laterite,Kharif,112,64,35,7.3,1065.01,28.75,63.14,Sugarcane
Haryana,Alluvial,Zaid,98,30,65,8.49,323.76,30.49,33.03,Wheat
Uttar Pradesh,Arid,Kharif,113,96,81,6.58,1189.49,31.59,32.63,Maize
Kerala,Black,Zaid,81,72,26,6.24,950.9,35.91,73.22,Wheat
Rajasthan,Alluvial,Kharif,56,91,99,6.4,1779.95,20.39,56.67,Rice
Karnataka,Black,Kharif,70,87,64,5.4,567.19,18.01,45.38,Wheat
Madhya Pradesh,Mountain,Kharif,69,47,78,8.09,1687.64,36.29,41.42,Barley
West Bengal,Red,Kharif,75,94,75,6.45,1203.84,18.92,70.2,Maize
Maharashtra,Arid,Zaid,117,84,67,6.36,298.3,39.37,30.02,Bajra
Rajasthan,Mountain,Zaid,135,68,46,7.31,1949.32,36.06,78.35,Barley
Rajasthan,Alluvial,Rabi,64,66,72,6.55,1122.71,27.52,34.75,Rice
Haryana,Alluvial,Zaid,134,71,106,7.27,723.58,39.54,41.49,Maize
Kerala,Alluvial,Kharif,128,73,107,5.22,1044.93,17.43,53.17,Rice
Uttar Pradesh,Alluvial,Rabi,135,79,92,7.85,1744.14,22.58,59.09,Rice
Tamil Nadu,Alluvial,Rabi,141,76,54,8.29,748.83,30.96,51.3,Wheat
Odisha,Black,Rabi,63,66,70,7.27,546.82,23.75,49.24,Cotton
Haryana,Mountain,Kharif,76,50,103,8.34,432.33,38.21,87.83,Barley
Rajasthan,Arid,Zaid,89,65,56,5.53,736.15,16.64,68.49,Wheat
Telangana,Red,Kharif,107,45,100,6.67,1604.09,28.74,31.41,Maize
Bihar,Red,Rabi,77,24,114,7.11,1048.93,29.77,55.81,Sugarcane
West Bengal,Mountain,Kharif,75,71,76,7.04,609.47,31.32,82.5,Barley
Odisha,Mountain,Kharif,112,94,27,6.41,499.13,21.39,48.09,Barley
Haryana,Red,Zaid,115,73,98,6.18,798.91,24.11,35.67,Millet
West Bengal,Red,Zaid,74,52,114,5.44,1891.86,36.09,75.5,Wheat
Bihar,Black,Rabi,52,69,113,6.37,817.45,19.87,66.36,Wheat
Punjab,Laterite,Kharif,121,57,39,5.57,1978.62,35.67,64.22,Tea
Bihar,Arid,Kharif,93,46,72,7.57,1073.41,29.07,33.21,Sugarcane
Kerala,Alluvial,Zaid,146,34,31,5.73,522.5,34.05,38.43,Barley
Bihar,Laterite,Kharif,91,80,68,5.2,1804.05,32.84,67.35,Tea
West Bengal,Mountain,Kharif,148,40,36,6.93,1028.64,20.19,42.47,Maize
Gujarat,Red,Kharif,55,65,83,7.08,1477.41,29.22,60.24,Maize
West Bengal,Laterite,Zaid,88,88,61,8.05,1970.68,36.69,62.69,Barley
Tamil Nadu,Arid,Rabi,101,25,113,7.02,290.32,25.8,47.01,Bajra
Uttar Pradesh,Mountain,Rabi,72,57,48,6.21,374.05,39.16,86.91,Barley
Karnataka,Alluvial,Kharif,138,81,38,7.81,1496.82,26.31,80.55,Rice
Gujarat,Alluvial,Rabi,99,81,30,6.89,707.29,18.57,73.34,Barley
Maharashtra,Arid,Zaid,92,97,117,5.28,531.74,24.74,34.68,Sugarcane
Karnataka,Arid,Zaid,68,93,69,6.98,270.85,38.79,36.37,Bajra
Uttar Pradesh,Red,Rabi,118,65,90,8.18,239.32,22.99,59.57,Millet
Haryana,Alluvial,Rabi,100,32,77,6.39,1594.07,36.7,39.64,Rice
Odisha,Mountain,Kharif,60,22,53,6.04,441.98,37.03,88.7,Maize
Tamil Nadu,Laterite,Rabi,61,25,39,5.5,1041.9,23.75,39.51,Tea
Tamil Nadu,Mountain,Kharif,123,27,69,5.53,1290.61,17.08,59.25,Apple
Maharashtra,Black,Kharif,57,63,107,6.51,971.03,33.11,51.85,Cotton
Gujarat,Black,Zaid,73,52,29,7.08,248.79,22.79,68.36,Cotton
Kerala,Arid,Zaid,141,94,51,5.28,1610.3,34.57,37.74,Maize
Andhra Pradesh,Red,Zaid,90,96,71,8.29,218.92,26.07,55.82,Millet
Punjab,Black,Zaid,85,69,34,7.64,1571.4,27.13,46.48,Cotton
Bihar,Alluvial,Rabi,134,30,103,7.05,1807.95,34.45,83.27,Rice
Gujarat,Mountain,Zaid,121,47,22,7.9,979.11,24.56,32.44,Wheat
Odisha,Mountain,Rabi,104,89,56,5.28,1163.98,26.08,84.82,Wheat
Punjab,Arid,Zaid,58,60,59,6.67,1058.57,24.4,79.98,Barley
Tamil Nadu,Laterite,Rabi,96,35,91,7.21,900.58,24.18,47.85,Wheat
West Bengal,Arid,Kharif,64,87,59,7.9,1797.36,28.15,77.36,Sugarcane
Odisha,Laterite,Rabi,97,67,75,7.74,1809.08,35.22,31.87,Maize
Uttar Pradesh,Arid,Rabi,131,75,42,5.97,804.47,24.04,88.01,Maize
Maharashtra,Arid,Zaid,91,83,30,8.29,1307.13,28.11,61.6,Wheat
Uttar Pradesh,Arid,Rabi,109,78,83,5.44,1868.43,31.77,48.2,Barley
Andhra Pradesh,Laterite,Kharif,133,81,27,8.06,1931.71,21.74,51.75,Wheat
Odisha,Laterite,Kharif,119,95,112,8.4,1116.13,21.94,33.98,Barley
Madhya Pradesh,Arid,Zaid,61,30,113,5.62,1015.08,38.34,89.36,Sugarcane
Madhya Pradesh,Black,Kharif,51,37,75,7.53,701.65,33.09,32.36,Cotton
Haryana,Red,Rabi,56,38,79,5.14,1925.97,29.43,69.29,Maize
Gujarat,Red,Kharif,129,74,29,6.42,457.07,31.19,56.56,Millet
Tamil Nadu,Red,Zaid,52,45,58,6.81,1243.69,15.73,86.93,Sugarcane
Tamil Nadu,Laterite,Rabi,52,25,47,7.03,708.59,30.45,44.76,Maize
Bihar,Laterite,Zaid,76,23,68,8.28,702.21,27.74,61.93,Sugarcane
Bihar,Black,Rabi,89,48,55,7.35,928.94,28.64,58.94,Cotton
Bihar,Red,Kharif,82,78,32,6.68,1997.83,23.99,72.17,Wheat
West Bengal,Red,Zaid,141,36,115,7.83,298.94,17.04,34.08,Millet
Karnataka,Arid,Zaid,50,62,55,8.33,1241.38,19.83,41.63,Sugarcane
Rajasthan,Laterite,Rabi,57,99,45,5.08,348.63,38.77,42.87,Tea
Karnataka,Red,Zaid,81,85,105,8.44,478.14,25.22,74.29,Millet
Uttar Pradesh,Mountain,Rabi,97,53,23,5.3,991.21,26.67,41.35,Sugarcane
Karnataka,Black,Rabi,53,27,114,7.85,1118.83,16.32,64.41,Wheat
West Bengal,Mountain,Rabi,143,32,101,5.98,665.83,15.94,42.91,Apple
Haryana,Mountain,Rabi,119,27,83,5.46,769.62,32.93,81.7,Maize
Uttar Pradesh,Black,Kharif,68,84,57,6.54,356.54,28.45,86.53,Cotton
Karnataka,Mountain,Rabi,81,62,107,7.25,745.8,27.72,61.11,Maize
West Bengal,Red,Zaid,58,58,106,6.33,1939.81,21.08,51.14,Wheat
Rajasthan,Laterite,Kharif,61,78,41,5.19,1900.47,33.62,44.04,Tea
Karnataka,Black,Zaid,60,63,21,7.1,802.78,19.21,32.99,Sugarcane
West Bengal,Arid,Kharif,95,28,50,8.16,1227.54,19.75,46.11,Sugarcane
Andhra Pradesh,Mountain,Rabi,65,56,30,6.34,1837.27,26.52,69.25,Sugarcane
Bihar,Black,Kharif,50,93,111,5.76,211.13,22.16,62.02,Cotton
Andhra Pradesh,Alluvial,Kharif,112,55,65,6.55,1659.23,21.19,86.64,Rice
Tamil Nadu,Alluvial,Zaid,70,47,115,5.17,1907.07,31.13,53.78,Rice
Bihar,Laterite,Zaid,79,61,81,7.87,364.39,31.27,71.63,Barley
Tamil Nadu,Red,Rabi,62,62,88,7.89,490.61,35.61,59.36,Millet
Telangana,Laterite,Kharif,83,61,83,7.06,1929.34,25.44,60.75,Maize
Maharashtra,Laterite,Kharif,53,85,29,6.24,1167.57,16.83,46.07,Tea
Andhra Pradesh,Laterite,Kharif,77,74,59,7.8,225.55,21.84,57.3,Sugarcane
Maharashtra,Laterite,Rabi,144,91,43,6.94,663.74,39.5,58.25,Maize
Maharashtra,Arid,Rabi,108,67,118,7.89,1009.9,29.91,72.4,Sugarcane
Rajasthan,Arid,Rabi,76,41,63,7.21,1447.24,32.74,86.44,Wheat
Bihar,Black,Rabi,118,46,79,7.75,1519.69,15.18,49.76,Wheat
Telangana,Alluvial,Rabi,74,86,81,7.09,1991.76,27.96,32.53,Rice
Tamil Nadu,Laterite,Zaid,52,32,106,6.45,717.52,15.94,59.78,Tea
West Bengal,Black,Kharif,146,64,36,8.35,1168.8,29.23,62.67,Cotton
Uttar Pradesh,Alluvial,Kharif,117,29,84,6.89,1159.98,38.02,40.11,Rice
West Bengal,Mountain,Kharif,74,28,114,7.12,930.16,39.21,75.63,Maize
Uttar Pradesh,Red,Kharif,69,73,114,5.77,504.49,28.51,89.1,Millet
Andhra Pradesh,Arid,Kharif,83,46,76,7.19,1959.42,26.46,86.75,Maize
Madhya Pradesh,Mountain,Kharif,75,53,74,7.0,1735.97,38.63,41.83,Wheat
West Bengal,Alluvial,Kharif,54,20,72,5.65,1097.0,31.84,82.52,Rice
Karnataka,Mountain,Kharif,148,51,75,5.21,1285.84,16.62,72.27,Apple
Karnataka,Red,Zaid,110,90,117,7.12,609.07,26.64,57.23,Millet
Gujarat,Alluvial,Kharif,141,86,28,7.67,1178.82,21.01,62.44,Rice
Bihar,Mountain,Zaid,142,39,41,6.83,1450.95,26.75,80.98,Barley
Uttar Pradesh,Arid,Rabi,58,54,32,5.79,1127.3,26.39,58.81,Wheat
Uttar Pradesh,Arid,Kharif,99,97,108,7.33,1982.51,29.55,52.39,Sugarcane
Odisha,Black,Rabi,55,36,67,5.28,1300.41,23.92,59.59,Cotton
Haryana,Mountain,Rabi,132,37,37,6.55,867.75,19.11,64.75,Apple
Bihar,Laterite,Rabi,109,64,95,5.57,1589.87,27.59,41.34,Tea
Rajasthan,Mountain,Zaid,93,72,59,5.65,506.83,35.76,84.05,Barley
Gujarat,Alluvial,Rabi,60,87,36,5.71,892.13,31.6,70.45,Wheat
Rajasthan,Alluvial,Rabi,115,84,34,6.35,824.53,23.46,68.0,Barley
Andhra Pradesh,Mountain,Rabi,96,20,34,5.18,977.25,38.39,35.97,Barley
Andhra Pradesh,Red,Kharif,122,77,98,6.39,1607.2,37.81,66.25,Barley
Rajasthan,Arid,Kharif,134,45,82,6.79,1071.51,20.23,37.26,Maize
Rajasthan,Alluvial,Zaid,137,39,58,6.69,1629.23,15.99,34.72,Rice
Telangana,Arid,Zaid,147,29,32,6.34,1237.68,33.53,61.64,Wheat
Bihar,Alluvial,Kharif,135,78,100,7.94,815.72,35.69,54.17,Maize
Rajasthan,Black,Zaid,52,94,51,5.51,1657.96,39.2,65.33,Maize
Karnataka,Laterite,Kharif,125,60,28,6.77,628.92,37.25,35.35,Sugarcane
Haryana,Alluvial,Rabi,141,24,59,5.22,603.89,30.01,55.86,Sugarcane
Haryana,Arid,Rabi,79,84,39,5.25,1108.11,28.25,40.49,Barley
Maharashtra,Black,Zaid,139,36,109,7.01,669.53,15.7,89.23,Barley
Madhya Pradesh,Alluvial,Kharif,70,41,110,6.98,216.36,21.17,63.67,Sugarcane
Andhra Pradesh,Red,Kharif,77,60,104,8.07,1366.94,26.49,71.25,Sugarcane
Uttar Pradesh,Laterite,Zaid,139,87,101,6.95,1119.97,30.71,49.53,Wheat
Odisha,Alluvial,Kharif,111,88,96,8.36,1001.93,28.93,35.68,Rice
Kerala,Black,Rabi,82,30,99,5.17,1940.54,33.57,88.55,Cotton
Uttar Pradesh,Red,Zaid,134,75,92,5.34,1228.16,21.99,47.18,Barley
Madhya Pradesh,Mountain,Zaid,84,70,82,5.15,1754.18,29.12,55.43,Barley
Odisha,Black,Kharif,101,40,95,5.65,451.01,17.2,68.99,Sugarcane
Telangana,Black,Zaid,83,95,63,6.89,1224.57,25.34,31.48,Cotton
Bihar,Red,Kharif,90,45,57,7.26,1762.36,33.75,78.62,Wheat
West Bengal,Black,Kharif,100,38,102,5.16,1249.59,32.34,62.19,Cotton
Bihar,Red,Kharif,96,79,79,8.31,1492.43,39.77,46.69,Sugarcane
Uttar Pradesh,Alluvial,Kharif,131,90,90,7.95,869.68,21.95,33.7,Sugarcane
Uttar Pradesh,Red,Kharif,107,66,118,6.04,366.41,27.45,39.75,Millet
Odisha,Red,Zaid,124,90,67,5.27,1024.22,23.24,83.7,Maize
Odisha,Laterite,Rabi,106,45,37,5.59,910.06,26.02,71.16,Tea
Andhra Pradesh,Red,Rabi,72,59,35,5.44,1760.71,36.42,44.99,Barley
Telangana,Red,Zaid,97,24,74,5.43,639.19,32.11,33.94,Millet
Andhra Pradesh,Mountain,Zaid,71,40,58,6.81,1940.12,37.06,71.44,Wheat
Madhya Pradesh,Alluvial,Rabi,66,97,87,5.86,1924.65,20.09,64.34,Rice
Rajasthan,Laterite,Rabi,118,23,78,6.25,645.74,36.83,54.27,Tea
Bihar,Mountain,Rabi,60,42,108,8.46,826.49,16.49,51.82,Apple
Odisha,Arid,Rabi,143,34,115,7.4,1812.0,37.21,43.01,Maize
Tamil Nadu,Alluvial,Rabi,64,27,81,8.32,1939.92,23.23,70.18,Rice
Madhya Pradesh,Alluvial,Kharif,140,60,32,5.5,998.19,22.86,88.24,Barley
Karnataka,Arid,Zaid,84,38,100,6.34,777.79,27.8,40.54,Sugarcane
Telangana,Red,Kharif,82,65,25,6.94,1146.97,38.52,65.83,Wheat
Uttar Pradesh,Mountain,Rabi,133,47,102,5.27,1437.98,16.19,55.45,Apple
Andhra Pradesh,Black,Rabi,65,87,96,5.01,692.25,23.81,56.8,Cotton
Madhya Pradesh,Laterite,Rabi,83,34,79,7.35,1525.65,36.41,45.25,Barley
Kerala,Black,Kharif,115,56,109,7.25,292.98,24.9,79.51,Cotton
Bihar,Arid,Kharif,148,20,33,6.44,288.73,19.98,59.12,Bajra
Odisha,Alluvial,Rabi,89,86,114,6.71,895.32,25.62,62.6,Sugarcane
Uttar Pradesh,Alluvial,Kharif,77,43,73,6.45,836.25,24.64,48.29,Maize
West Bengal,Laterite,Kharif,96,46,23,5.08,768.14,37.89,40.91,Tea
Kerala,Alluvial,Rabi,88,59,58,6.17,1083.84,34.05,35.15,Rice
Telangana,Alluvial,Kharif,119,82,91,5.62,777.32,27.63,72.85,Wheat
Madhya Pradesh,Laterite,Zaid,122,80,44,5.34,546.06,39.71,41.77,Tea
Gujarat,Mountain,Zaid,69,55,96,8.35,757.05,26.63,71.4,Barley
Uttar Pradesh,Mountain,Zaid,50,43,51,7.1,1954.83,16.46,53.42,Apple
Bihar,Laterite,Zaid,121,43,78,7.55,940.0,21.56,54.95,Maize
Maharashtra,Arid,Rabi,136,23,82,6.1,1000.48,25.9,58.15,Sugarcane
Tamil Nadu,Alluvial,Rabi,112,86,57,6.38,1237.78,18.92,52.06,Rice
Punjab,Alluvial,Rabi,116,53,111,5.83,1970.01,38.69,36.04,Rice
Kerala,Arid,Zaid,53,76,72,5.34,634.88,34.17,48.58,Sugarcane
Rajasthan,Mountain,Zaid,107,68,113,5.63,1426.31,21.71,69.82,Barley
Punjab,Red,Kharif,74,72,86,7.79,1488.77,29.77,69.95,Sugarcane
Bihar,Red,Kharif,96,42,47,7.37,1293.18,33.04,47.17,Wheat
Karnataka,Red,Zaid,87,88,22,6.91,359.44,38.53,57.61,Millet
Andhra Pradesh,Mountain,Zaid,64,72,117,6.66,1418.37,37.04,41.61,Barley
Karnataka,Mountain,Zaid,112,81,99,8.23,315.37,27.88,42.62,Maize
Maharashtra,Arid,Zaid,70,60,41,5.25,1273.06,34.37,31.38,Barley
Kerala,Alluvial,Kharif,148,76,115,5.98,1531.25,29.05,83.8,Rice
Rajasthan,Arid,Zaid,106,79,57,6.22,579.75,28.82,42.64,Barley
Gujarat,Arid,Kharif,102,73,91,7.74,1714.92,17.87,43.65,Maize
Maharashtra,Mountain,Zaid,95,89,91,8.47,254.64,18.15,46.78,Apple
Kerala,Red,Zaid,63,76,81,5.84,1718.86,28.24,37.64,Sugarcane
Haryana,Black,Zaid,149,29,76,8.06,1028.59,21.72,68.36,Cotton
Punjab,Alluvial,Kharif,125,59,25,7.91,591.66,15.53,34.51,Maize
Maharashtra,Mountain,Kharif,66,26,97,5.79,440.8,33.07,38.05,Wheat
Punjab,Red,Rabi,88,57,51,6.4,1915.95,15.81,68.69,Sugarcane
Uttar Pradesh,Black,Zaid,58,80,118,6.43,330.8,29.88,50.38,Cotton
Karnataka,Black,Rabi,148,22,29,8.42,558.37,28.48,72.48,Cotton
Uttar Pradesh,Mountain,Rabi,126,70,22,5.63,826.08,39.22,63.45,Barley
Tamil Nadu,Laterite,Kharif,128,66,78,7.8,1316.42,27.11,45.36,Sugarcane
Haryana,Alluvial,Kharif,131,87,95,6.17,1180.64,16.59,69.05,Rice
Rajasthan,Black,Rabi,146,95,68,7.56,426.16,28.79,36.98,Cotton
Gujarat,Mountain,Zaid,55,57,78,6.47,721.51,36.03,62.18,Sugarcane
Telangana,Mountain,Kharif,140,55,50,7.02,629.75,39.92,56.23,Wheat
Punjab,Red,Zaid,72,60,112,7.91,584.38,25.76,46.07,Millet
Gujarat,Laterite,Zaid,108,88,88,7.81,940.06,23.01,66.24,Sugarcane
Punjab,Alluvial,Rabi,140,32,81,8.03,1467.26,37.67,82.28,Rice
Bihar,Arid,Rabi,147,77,71,5.21,591.42,19.78,89.93,Sugarcane
Maharashtra,Red,Rabi,95,69,108,7.42,860.02,30.39,66.47,Sugarcane
Tamil Nadu,Black,Rabi,87,49,60,5.49,903.65,25.14,54.28,Cotton
Karnataka,Black,Kharif,63,81,50,6.46,1957.62,16.03,43.51,Barley
Telangana,Red,Kharif,149,44,104,6.92,1918.4,23.68,45.43,Sugarcane
Odisha,Mountain,Rabi,121,46,103,6.41,1640.25,21.63,58.77,Maize
Punjab,Black,Kharif,111,70,41,6.82,634.99,32.15,52.04,Cotton
Gujarat,Laterite,Rabi,84,97,23,8.49,322.47,38.72,84.83,Sugarcane
Tamil Nadu,Alluvial,Zaid,68,76,32,5.47,770.43,21.7,52.1,Wheat
West Bengal,Laterite,Zaid,79,66,64,7.36,680.23,35.29,52.41,Sugarcane
Telangana,Black,Zaid,127,58,61,6.39,1110.67,16.38,53.01,Sugarcane
West Bengal,Arid,Rabi,133,35,68,5.47,1599.91,28.45,80.2,Barley
Uttar Pradesh,Alluvial,Zaid,74,41,39,5.56,1744.98,16.76,69.05,Rice
Karnataka,Alluvial,Kharif,89,73,96,8.32,1720.76,38.35,66.85,Rice
Andhra Pradesh,Red,Zaid,137,40,100,8.08,847.42,34.16,50.05,Maize
Andhra Pradesh,Red,Zaid,63,91,73,8.17,1437.02,31.45,79.07,Sugarcane
Odisha,Arid,Zaid,75,35,55,8.47,763.1,35.6,32.3,Maize
Bihar,Mountain,Kharif,136,78,116,5.73,309.63,31.19,82.25,Wheat
Gujarat,Alluvial,Rabi,71,50,20,6.24,1462.82,39.22,60.76,Rice
Kerala,Arid,Kharif,97,61,34,7.34,217.69,32.85,53.9,Bajra
Odisha,Red,Rabi,132,93,96,6.69,936.53,38.12,59.83,Barley
Maharashtra,Red,Rabi,100,51,36,6.46,792.88,27.93,70.04,Millet
Maharashtra,Alluvial,Zaid,52,78,43,6.25,1448.08,17.93,30.77,Rice
Gujarat,Laterite,Rabi,91,53,77,7.08,1579.24,28.2,82.29,Maize
Kerala,Black,Kharif,68,28,91,7.01,747.37,18.17,56.8,Barley
Rajasthan,Red,Kharif,122,30,110,5.57,1660.93,29.81,50.58,Sugarcane
Bihar,Mountain,Rabi,77,29,42,6.65,729.05,27.06,38.29,Wheat
Tamil Nadu,Mountain,Zaid,133,36,65,6.94,1003.39,30.56,56.37,Barley
Punjab,Red,Zaid,94,87,91,7.0,1508.63,15.25,59.78,Sugarcane
Kerala,Laterite,Kharif,120,67,27,5.74,1447.26,19.87,54.22,Tea
Andhra Pradesh,Laterite,Zaid,127,71,78,7.6,1977.26,27.28,70.72,Maize
Telangana,Arid,Rabi,112,44,109,5.09,605.29,38.76,55.25,Wheat
Rajasthan,Mountain,Rabi,122,40,78,6.24,1392.17,24.59,87.69,Wheat
Punjab,Arid,Kharif,68,84,32,7.73,1297.43,25.61,65.96,Maize
Punjab,Mountain,Rabi,96,82,58,6.97,1847.18,32.87,78.45,Maize
Rajasthan,Black,Kharif,63,70,47,5.91,481.45,30.09,36.56,Cotton
Uttar Pradesh,Black,Rabi,87,55,108,7.43,1553.24,22.47,53.84,Cotton
West Bengal,Alluvial,Kharif,102,85,80,6.99,1222.88,25.27,50.21,Rice
Punjab,Arid,Zaid,110,34,35,7.79,694.4,20.44,64.17,Wheat
Rajasthan,Red,Rabi,85,58,21,7.57,1053.98,39.15,81.67,Barley
Kerala,Arid,Rabi,89,89,101,7.14,800.8,18.27,34.7,Wheat
Rajasthan,Red,Kharif,130,20,36,6.71,1242.76,24.3,34.35,Maize
Haryana,Laterite,Kharif,79,42,49,5.47,1800.2,15.65,81.02,Tea
Odisha,Arid,Rabi,58,58,32,5.91,1224.75,20.54,42.77,Barley
Madhya Pradesh,Laterite,Kharif,113,76,115,6.47,1337.1,34.51,70.13,Tea
Uttar Pradesh,Black,Rabi,82,53,112,7.1,1133.75,20.03,62.57,Cotton
Karnataka,Black,Zaid,101,60,113,6.8,292.1,17.0,79.97,Sugarcane
Madhya Pradesh,Alluvial,Kharif,138,92,101,6.01,619.15,26.86,37.51,Wheat
Odisha,Arid,Rabi,63,32,32,5.02,1085.6,15.25,37.79,Maize
Odisha,Laterite,Zaid,124,89,62,6.74,758.42,17.12,63.41,Sugarcane
Odisha,Red,Zaid,102,25,104,6.0,527.17,35.19,86.78,Millet
Madhya Pradesh,Black,Rabi,148,71,113,7.57,1107.44,34.29,54.9,Cotton
Gujarat,Black,Kharif,108,22,40,5.08,781.06,37.88,49.62,Wheat
West Bengal,Red,Rabi,127,82,74,7.05,664.59,36.36,66.4,Millet
Rajasthan,Laterite,Zaid,143,68,100,8.3,1035.17,32.08,85.83,Wheat
Telangana,Laterite,Rabi,90,95,59,5.61,439.91,16.31,80.22,Tea
West Bengal,Arid,Kharif,117,66,102,6.65,1869.94,34.57,89.73,Barley
Andhra Pradesh,Arid,Zaid,117,74,34,5.32,1761.86,36.14,31.35,Maize
Kerala,Mountain,Rabi,141,83,92,7.19,1473.72,34.98,36.77,Sugarcane
Bihar,Mountain,Kharif,57,84,71,6.93,391.18,27.71,66.57,Wheat
Gujarat,Alluvial,Zaid,51,86,93,6.43,1596.58,20.82,79.23,Rice
Karnataka,Black,Kharif,135,34,114,6.82,1654.32,36.13,47.11,Barley
West Bengal,Arid,Zaid,90,51,72,8.14,1581.98,33.18,44.35,Sugarcane
Telangana,Laterite,Rabi,104,87,106,5.69,405.14,39.52,77.22,Tea
Maharashtra,Red,Kharif,65,37,71,5.08,1359.03,18.89,33.38,Sugarcane
Odisha,Laterite,Zaid,142,62,49,8.02,1701.78,20.64,52.16,Wheat
Punjab,Black,Kharif,111,54,52,7.02,1239.24,20.29,60.35,Cotton
Andhra Pradesh,Mountain,Kharif,97,97,76,8.12,1363.53,34.81,63.62,Sugarcane
Bihar,Laterite,Rabi,79,77,71,7.09,1025.05,19.67,73.72,Wheat
Uttar Pradesh,Alluvial,Kharif,61,52,28,7.84,1151.67,16.67,51.29,Rice
Karnataka,Black,Zaid,84,33,73,6.5,261.88,39.96,66.76,Barley
Kerala,Mountain,Zaid,60,53,20,7.62,1350.13,15.62,65.12,Apple
Bihar,Red,Zaid,113,80,63,8.2,346.6,35.88,62.86,Millet
Odisha,Mountain,Zaid,99,23,118,7.0,983.03,24.13,68.43,Barley
Punjab,Alluvial,Rabi,134,78,94,5.63,726.78,36.04,45.57,Sugarcane
Gujarat,Black,Kharif,70,48,117,5.94,1181.77,28.87,35.08,Cotton
Punjab,Red,Rabi,118,25,99,5.7,440.15,37.54,37.16,Millet
Madhya Pradesh,Alluvial,Kharif,97,68,28,5.86,1444.96,38.15,43.47,Rice
Punjab,Mountain,Kharif,69,59,51,6.07,1631.02,15.23,60.01,Apple
Madhya Pradesh,Alluvial,Kharif,116,84,34,6.94,494.04,16.89,80.43,Wheat
Andhra Pradesh,Black,Rabi,93,88,31,7.06,387.76,21.26,72.08,Cotton
Gujarat,Arid,Kharif,82,46,116,6.49,461.93,31.73,77.34,Bajra
Kerala,Alluvial,Rabi,122,99,97,7.15,1778.83,37.21,51.06,Rice
Tamil Nadu,Alluvial,Zaid,110,25,76,5.29,1150.74,26.5,54.28,Rice
Odisha,Mountain,Zaid,58,32,27,5.31,1041.07,30.17,53.62,Maize
Madhya Pradesh,Mountain,Kharif,117,83,91,5.6,392.08,19.71,41.51,Apple
Uttar Pradesh,Red,Rabi,84,81,46,6.81,1369.2,35.12,33.67,Barley
Punjab,Mountain,Zaid,130,38,81,5.75,1762.4,39.18,65.45,Wheat
Punjab,Laterite,Rabi,147,95,31,5.99,1690.73,21.71,89.35,Tea
Uttar Pradesh,Black,Rabi,137,99,84,6.4,1326.9,27.37,40.01,Cotton
Kerala,Black,Kharif,145,62,61,7.84,335.5,17.15,32.8,Wheat
Maharashtra,Arid,Zaid,114,93,81,5.05,402.31,28.98,76.77,Bajra
Andhra Pradesh,Arid,Kharif,57,39,30,7.27,288.76,27.57,45.16,Bajra
Rajasthan,Black,Kharif,94,87,62,7.34,663.46,18.61,79.78,Wheat
Tamil Nadu,Arid,Zaid,136,63,114,7.8,444.19,26.05,72.24,Bajra
Karnataka,Red,Zaid,96,42,36,8.26,668.09,23.35,86.74,Millet
Telangana,Mountain,Rabi,89,21,116,5.07,893.1,28.05,54.54,Sugarcane
Madhya Pradesh,Black,Zaid,125,41,51,5.54,1897.37,29.64,69.72,Cotton
Uttar Pradesh,Arid,Rabi,103,76,112,8.1,1298.68,15.21,57.89,Maize
Telangana,Black,Rabi,125,91,104,6.6,1702.95,34.03,67.84,Cotton
Gujarat,Laterite,Rabi,95,26,104,6.98,1478.63,32.83,56.98,Sugarcane
Kerala,Alluvial,Zaid,96,97,59,7.32,402.51,24.16,41.32,Barley
Madhya Pradesh,Mountain,Kharif,64,75,42,7.38,1524.66,16.32,60.47,Apple
Rajasthan,Black,Rabi,68,86,75,8.26,695.18,33.87,61.72,Cotton
Telangana,Alluvial,Kharif,75,35,25,8.49,1350.39,38.88,78.64,Rice
Gujarat,Arid,Kharif,101,70,105,7.52,813.73,21.0,74.13,Sugarcane
Bihar,Alluvial,Zaid,142,99,69,6.01,1995.81,23.09,69.83,Rice
Odisha,Mountain,Kharif,71,91,56,8.08,674.39,19.6,36.8,Apple
Punjab,Black,Kharif,70,31,83,5.17,702.43,29.42,73.24,Cotton
Bihar,Laterite,Zaid,100,72,73,5.81,1875.21,18.87,60.02,Tea
Madhya Pradesh,Arid,Rabi,87,94,91,8.14,244.36,23.9,83.65,Bajra
Rajasthan,Black,Kharif,69,24,68,5.9,1454.04,32.43,85.19,Cotton
Tamil Nadu,Mountain,Zaid,78,46,118,5.77,1505.59,29.0,33.31,Wheat
Telangana,Arid,Kharif,100,31,30,5.48,1705.48,24.66,79.24,Sugarcane
Andhra Pradesh,Red,Kharif,53,36,107,8.01,1953.99,25.51,32.26,Wheat
Odisha,Alluvial,Rabi,104,25,68,6.75,1956.08,29.05,52.03,Rice
Madhya Pradesh,Mountain,Kharif,120,24,40,7.36,317.5,15.15,62.54,Apple
Kerala,Red,Zaid,141,76,85,5.84,1679.31,16.96,38.89,Maize
Uttar Pradesh,Black,Kharif,77,47,82,7.65,1363.36,37.03,74.78,Sugarcane
Andhra Pradesh,Laterite,Rabi,53,97,102,7.66,1365.22,16.95,30.5,Sugarcane
Andhra Pradesh,Arid,Rabi,71,88,47,6.09,431.03,32.67,40.12,Bajra
Andhra Pradesh,Alluvial,Zaid,125,78,36,6.44,1370.34,38.0,64.85,Rice
West Bengal,Arid,Rabi,94,52,25,5.73,1968.47,21.77,72.86,Sugarcane
Madhya Pradesh,Black,Kharif,116,81,38,8.42,1841.27,24.26,85.0,Cotton
Odisha,Arid,Rabi,135,69,75,7.26,990.44,29.22,72.33,Wheat
Punjab,Alluvial,Zaid,115,38,47,8.27,271.91,37.04,70.31,Wheat
Punjab,Black,Rabi,137,88,85,6.06,852.13,38.55,53.66,Sugarcane
Madhya Pradesh,Arid,Rabi,83,85,57,7.74,1687.5,33.49,30.08,Sugarcane
Gujarat,Laterite,Rabi,140,66,56,7.68,1462.7,17.17,37.21,Maize
West Bengal,Mountain,Zaid,104,58,87,7.42,1026.82,31.73,62.07,Maize
Uttar Pradesh,Black,Rabi,50,87,105,8.38,299.18,25.26,70.51,Cotton
Andhra Pradesh,Mountain,Rabi,121,52,109,6.38,968.41,26.77,55.05,Barley
Andhra Pradesh,Black,Kharif,136,32,68,5.46,1044.24,16.23,73.84,Maize
Madhya Pradesh,Laterite,Zaid,87,73,62,7.35,1871.4,19.78,61.31,Maize
Gujarat,Mountain,Rabi,55,26,55,7.55,1353.95,34.76,34.45,Maize
Punjab,Red,Zaid,135,98,77,7.01,760.98,26.35,41.52,Millet
Punjab,Alluvial,Rabi,74,33,32,5.72,1145.57,22.54,80.4,Rice
Rajasthan,Red,Rabi,131,38,71,6.77,318.9,24.6,73.49,Millet
Madhya Pradesh,Arid,Rabi,66,73,77,6.09,1950.62,36.36,83.69,Wheat
West Bengal,Laterite,Kharif,110,39,51,6.5,848.11,33.72,37.05,Maize
Maharashtra,Red,Kharif,61,48,100,7.26,1060.16,21.81,89.41,Maize
West Bengal,Black,Kharif,55,43,119,7.61,839.51,17.94,42.56,Sugarcane
Kerala,Arid,Zaid,139,82,79,5.81,1428.52,21.3,30.71,Wheat
Punjab,Arid,Zaid,76,93,102,6.42,1392.02,38.02,89.85,Barley
Punjab,Red,Kharif,57,76,77,5.94,1487.58,29.54,46.86,Barley
Bihar,Red,Zaid,132,27,118,5.7,682.66,28.34,70.08,Millet
Punjab,Laterite,Rabi,114,81,75,7.74,768.2,29.91,40.6,Maize
Uttar Pradesh,Alluvial,Rabi,106,48,47,8.18,425.45,24.15,64.81,Barley
Karnataka,Red,Rabi,142,93,20,6.3,1379.92,35.18,84.24,Barley
Madhya Pradesh,Red,Kharif,148,36,61,7.63,271.63,28.08,49.21,Millet
Telangana,Mountain,Zaid,89,85,101,8.14,1275.83,17.92,70.22,Apple
West Bengal,Black,Kharif,63,25,67,7.96,1765.45,18.23,41.27,Barley
Karnataka,Mountain,Zaid,84,77,59,5.64,1803.5,28.42,67.49,Maize
Gujarat,Mountain,Rabi,97,88,116,8.35,1008.27,38.41,50.19,Barley
Maharashtra,Arid,Kharif,133,47,82,6.32,1026.75,22.71,42.67,Maize
Uttar Pradesh,Alluvial,Zaid,105,81,95,6.19,338.54,36.74,48.79,Sugarcane
Odisha,Black,Zaid,98,60,91,5.22,1407.38,34.1,40.73,Cotton
Haryana,Laterite,Rabi,62,88,107,6.7,1678.27,21.2,84.11,Sugarcane
West Bengal,Laterite,Kharif,110,60,99,5.38,640.38,15.91,53.83,Tea
Karnataka,Red,Kharif,98,68,23,5.87,958.34,17.55,44.72,Barley
Odisha,Red,Kharif,95,68,57,6.11,1709.91,33.21,56.9,Sugarcane
Maharashtra,Laterite,Rabi,111,95,46,7.83,1778.82,19.99,49.23,Maize
Bihar,Red,Kharif,57,90,28,8.06,637.72,24.28,74.67,Millet
Odisha,Alluvial,Rabi,92,22,35,6.06,1191.03,27.54,88.27,Rice
Uttar Pradesh,Mountain,Rabi,69,29,75,8.01,546.49,33.14,56.28,Sugarcane
Uttar Pradesh,Red,Rabi,146,54,95,8.0,383.38,17.83,81.66,Millet
Telangana,Arid,Zaid,139,99,50,7.68,1840.02,25.16,63.95,Barley
Bihar,Red,Kharif,88,21,107,5.51,1676.91,27.13,39.43,Maize
Haryana,Black,Kharif,134,43,33,7.42,1568.06,28.52,71.44,Cotton
Madhya Pradesh,Alluvial,Rabi,98,93,44,8.31,287.78,35.46,60.81,Wheat
Odisha,Black,Rabi,113,57,53,7.39,1718.71,19.29,69.04,Maize
Bihar,Black,Kharif,111,41,86,6.16,988.48,35.2,83.38,Sugarcane
Uttar Pradesh,Arid,Rabi,103,45,43,6.75,816.31,32.32,56.43,Wheat
Uttar Pradesh,Alluvial,Kharif,58,62,92,7.26,1183.66,28.9,84.07,Rice
Karnataka,Alluvial,Zaid,137,74,45,6.79,364.44,32.49,75.04,Maize
Punjab,Alluvial,Rabi,86,58,39,5.42,1561.96,25.3,59.32,Rice
Haryana,Alluvial,Kharif,98,48,83,6.09,1248.38,18.46,66.19,Rice
Odisha,Alluvial,Rabi,90,39,29,7.81,535.86,31.64,49.53,Wheat
Telangana,Arid,Kharif,66,60,102,8.01,538.82,28.12,89.02,Wheat
Telangana,Red,Kharif,137,73,86,5.48,531.65,30.98,70.04,Millet
Odisha,Black,Rabi,70,39,43,8.33,302.6,23.45,32.63,Cotton
Kerala,Alluvial,Zaid,100,38,24,6.15,1258.04,37.67,49.6,Rice
Andhra Pradesh,Red,Kharif,108,85,86,7.32,1712.63,29.68,67.4,Wheat
Maharashtra,Red,Kharif,88,49,77,7.63,231.5,17.14,33.38,Millet
Telangana,Black,Kharif,104,72,46,7.84,288.21,26.25,31.43,Cotton
Bihar,Arid,Zaid,90,53,99,8.31,1230.99,33.91,57.0,Maize
Maharashtra,Laterite,Zaid,88,41,34,6.1,1675.09,34.85,49.96,Tea
Bihar,Laterite,Rabi,62,86,54,8.0,788.13,27.36,56.3,Sugarcane
Gujarat,Red,Zaid,113,25,95,5.46,829.31,37.37,45.76,Maize
Uttar Pradesh,Mountain,Rabi,60,98,72,7.47,1273.42,21.69,39.88,Sugarcane
Punjab,Mountain,Rabi,68,46,63,7.6,693.58,25.26,71.35,Maize
Karnataka,Black,Zaid,60,29,45,7.37,247.9,37.46,60.87,Maize
Telangana,Laterite,Rabi,126,92,66,5.88,1523.41,37.41,42.01,Tea
Punjab,Red,Zaid,95,67,53,8.06,1326.17,32.14,49.18,Maize
Punjab,Arid,Rabi,94,89,106,5.59,1245.36,36.47,65.51,Sugarcane
Punjab,Laterite,Zaid,50,78,114,5.19,1535.03,17.22,34.33,Tea
Andhra Pradesh,Red,Zaid,89,78,69,7.51,1415.42,36.62,38.85,Maize
Maharashtra,Red,Rabi,68,21,103,6.66,570.59,23.02,34.39,Millet
Bihar,Alluvial,Kharif,125,48,31,7.97,834.47,19.46,78.74,Wheat
Tamil Nadu,Arid,Rabi,121,87,106,6.34,427.0,20.98,75.14,Bajra
Gujarat,Alluvial,Zaid,121,84,23,5.59,433.74,25.45,75.2,Maize
West Bengal,Black,Kharif,110,45,106,7.93,1417.15,21.28,72.98,Cotton
Punjab,Alluvial,Rabi,61,29,67,6.92,1745.48,23.01,70.16,Rice
Madhya Pradesh,Alluvial,Rabi,110,72,74,5.66,1932.92,18.37,58.62,Rice
Maharashtra,Laterite,Rabi,82,98,20,7.52,1331.02,22.4,68.54,Wheat
Telangana,Mountain,Kharif,94,78,108,6.79,531.38,29.31,32.3,Barley
Haryana,Red,Zaid,139,41,85,7.12,390.17,26.05,67.29,Millet
Telangana,Arid,Rabi,141,70,49,6.61,1663.13,23.67,76.67,Barley
Karnataka,Alluvial,Rabi,118,67,22,7.9,1241.76,33.66,60.02,Rice
West Bengal,Arid,Rabi,57,40,40,7.9,1312.91,37.34,51.45,Sugarcane
Tamil Nadu,Mountain,Rabi,74,41,108,7.48,1606.63,33.92,46.65,Sugarcane
Madhya Pradesh,Mountain,Rabi,140,49,103,5.37,1465.9,23.3,68.57,Barley
Telangana,Alluvial,Zaid,95,44,68,7.94,1702.02,33.61,71.57,Rice
Tamil Nadu,Black,Zaid,136,47,105,7.35,301.19,18.8,82.26,Maize
West Bengal,Alluvial,Rabi,79,84,104,7.44,1545.54,18.26,50.54,Rice
Punjab,Laterite,Kharif,96,64,81,6.27,1731.53,23.64,76.19,Tea
Madhya Pradesh,Red,Zaid,136,87,116,8.08,715.04,35.19,63.68,Millet
Tamil Nadu,Black,Kharif,98,26,57,7.54,1352.81,21.16,82.97,Cotton
Karnataka,Alluvial,Zaid,96,68,34,5.39,765.49,16.58,61.67,Maize
Bihar,Arid,Rabi,133,28,71,6.43,1924.35,18.29,61.06,Maize
Uttar Pradesh,Black,Zaid,131,55,98,8.1,260.16,36.47,64.67,Barley
Bihar,Black,Rabi,67,20,65,5.17,1243.63,30.84,74.96,Cotton
West Bengal,Alluvial,Zaid,115,29,44,8.36,499.71,21.33,87.88,Wheat
Maharashtra,Black,Rabi,117,55,40,7.38,1482.0,28.88,34.41,Cotton
Uttar Pradesh,Arid,Rabi,143,92,107,7.21,516.6,28.19,33.21,Sugarcane
Gujarat,Mountain,Rabi,82,65,24,5.95,623.69,31.39,86.25,Wheat
Karnataka,Black,Rabi,85,51,89,5.87,1089.87,20.83,61.79,Cotton
Gujarat,Mountain,Kharif,131,51,66,8.3,1846.7,36.61,66.89,Barley
Andhra Pradesh,Arid,Rabi,68,25,106,6.04,581.09,22.73,58.95,Wheat
Madhya Pradesh,Alluvial,Kharif,77,67,87,7.71,459.63,32.35,35.62,Maize
Odisha,Red,Kharif,89,57,110,6.38,1566.16,15.4,76.09,Maize
Uttar Pradesh,Black,Rabi,133,36,37,5.49,1101.12,24.32,74.83,Cotton
Gujarat,Red,Kharif,146,93,40,5.04,1841.21,23.79,48.7,Wheat
Telangana,Arid,Zaid,125,46,111,6.9,463.91,28.59,48.37,Bajra
Gujarat,Black,Rabi,64,73,118,8.42,1362.67,16.82,80.27,Barley
Tamil Nadu,Mountain,Kharif,90,69,105,6.29,619.18,34.75,34.34,Wheat
Bihar,Laterite,Rabi,88,54,42,6.25,482.17,20.44,82.87,Tea
Tamil Nadu,Red,Rabi,51,44,83,6.2,1430.17,31.93,45.4,Maize
Andhra Pradesh,Black,Rabi,112,47,86,6.82,1268.63,35.08,65.58,Maize
Uttar Pradesh,Red,Kharif,78,34,59,6.54,1558.69,29.05,86.16,Barley
Uttar Pradesh,Black,Zaid,123,23,29,8.08,757.03,33.52,70.69,Cotton
Andhra Pradesh,Alluvial,Zaid,115,92,108,6.77,1006.35,31.55,54.87,Rice
West Bengal,Mountain,Kharif,100,46,71,6.78,929.85,23.89,71.37,Wheat
Tamil Nadu,Red,Rabi,124,45,91,5.48,1971.36,35.22,50.64,Maize
Rajasthan,Laterite,Kharif,126,38,94,8.44,726.05,22.37,46.64,Maize
Telangana,Laterite,Kharif,59,36,80,5.87,730.67,29.28,89.8,Tea
Haryana,Arid,Kharif,63,62,83,5.26,838.19,33.63,75.05,Wheat
Bihar,Black,Rabi,131,60,24,7.32,1216.27,24.47,68.68,Cotton
Uttar Pradesh,Red,Kharif,100,61,72,7.08,654.18,22.57,51.32,Millet
West Bengal,Arid,Rabi,122,69,74,6.45,1847.52,26.48,32.95,Wheat
Odisha,Red,Kharif,88,59,56,6.48,678.23,35.45,31.86,Millet
Telangana,Black,Zaid,77,58,75,7.75,1812.47,38.25,63.25,Sugarcane
Tamil Nadu,Laterite,Kharif,52,42,78,5.68,386.26,28.63,75.72,Tea
Bihar,Alluvial,Kharif,133,71,112,7.87,1381.81,31.54,62.24,Rice
Odisha,Laterite,Zaid,119,66,88,7.27,1832.57,37.58,80.45,Barley
Tamil Nadu,Arid,Rabi,76,82,92,6.47,503.75,17.46,32.01,Barley
Gujarat,Mountain,Rabi,51,88,78,6.6,1942.99,20.8,52.01,Wheat
Odisha,Alluvial,Kharif,142,62,21,5.9,1015.19,32.72,44.22,Rice
Andhra Pradesh,Arid,Zaid,87,67,84,7.63,1902.29,35.59,56.84,Barley
Kerala,Black,Rabi,52,53,79,6.8,1418.28,36.43,34.34,Maize
West Bengal,Alluvial,Kharif,65,59,70,6.12,742.86,25.38,87.25,Wheat
Bihar,Arid,Zaid,143,94,49,7.09,538.94,17.23,43.4,Wheat
Punjab,Black,Rabi,89,80,30,8.49,746.72,25.94,85.34,Cotton
Kerala,Laterite,Rabi,51,69,111,6.52,367.43,20.77,55.55,Wheat
Madhya Pradesh,Mountain,Zaid,130,86,95,8.22,458.96,22.28,89.13,Sugarcane
Madhya Pradesh,Black,Zaid,90,81,58,6.21,388.39,34.31,63.24,Cotton
Bihar,Red,Zaid,61,77,109,5.19,961.3,16.89,85.85,Barley
Odisha,Black,Zaid,84,52,96,5.71,1632.04,35.69,30.32,Sugarcane
Tamil Nadu,Black,Kharif,114,94,91,6.47,454.49,25.69,74.89,Cotton
West Bengal,Mountain,Zaid,104,35,82,5.77,434.58,29.9,84.18,Maize
Haryana,Red,Rabi,94,67,83,5.0,1358.17,17.24,38.38,Barley
Madhya Pradesh,Arid,Rabi,128,29,80,8.2,554.93,23.43,35.77,Sugarcane
West Bengal,Arid,Kharif,139,57,73,7.95,375.7,17.24,55.47,Bajra
Madhya Pradesh,Black,Rabi,134,38,111,7.6,500.33,39.04,86.02,Wheat
Gujarat,Red,Rabi,111,55,113,5.59,1862.72,35.18,62.54,Sugarcane
Tamil Nadu,Red,Zaid,98,78,92,5.42,1678.65,26.49,61.65,Wheat
Gujarat,Mountain,Rabi,144,82,114,5.24,837.32,20.59,38.47,Sugarcane
Telangana,Laterite,Kharif,74,96,77,7.53,1380.48,38.34,30.05,Sugarcane
Madhya Pradesh,Arid,Zaid,72,65,104,8.25,1167.1,23.61,78.61,Sugarcane
Punjab,Mountain,Zaid,73,22,75,6.51,1418.82,19.02,35.25,Apple
Punjab,Alluvial,Kharif,87,93,53,5.42,1428.81,29.08,68.03,Rice
Gujarat,Arid,Zaid,77,84,50,6.79,1331.72,38.59,84.88,Wheat
Andhra Pradesh,Mountain,Zaid,70,27,71,6.22,678.98,15.1,42.52,Apple
Kerala,Arid,Kharif,103,70,108,6.31,270.21,20.95,69.92,Bajra
Punjab,Laterite,Zaid,67,92,95,7.17,1020.02,38.46,34.72,Sugarcane
Madhya Pradesh,Alluvial,Kharif,85,25,20,7.52,1803.75,19.28,66.23,Rice
Bihar,Laterite,Kharif,148,58,74,5.39,1225.1,17.83,39.84,Tea
Gujarat,Alluvial,Rabi,94,79,41,5.12,1698.3,29.25,74.16,Rice
Telangana,Black,Rabi,122,47,59,8.48,1984.92,36.55,48.07,Barley
Haryana,Mountain,Zaid,102,73,20,5.81,494.51,26.93,57.8,Barley
Haryana,Alluvial,Zaid,79,56,84,5.19,1445.2,39.86,65.97,Rice
Maharashtra,Laterite,Kharif,109,28,82,5.66,1413.73,31.98,40.28,Tea
Kerala,Arid,Zaid,147,75,73,5.14,1963.92,16.85,74.5,Barley
Odisha,Alluvial,Kharif,81,78,61,6.37,1974.08,39.82,48.16,Rice
Tamil Nadu,Mountain,Kharif,116,21,40,7.81,1436.02,25.2,69.74,Wheat
Punjab,Alluvial,Zaid,116,80,98,6.19,638.51,22.19,39.5,Wheat
Punjab,Red,Kharif,77,77,100,6.55,1637.4,28.95,71.29,Barley
Odisha,Arid,Rabi,93,79,41,7.36,392.65,22.61,37.69,Bajra
Uttar Pradesh,Mountain,Zaid,128,59,57,6.78,1605.26,17.16,55.52,Apple
Telangana,Mountain,Rabi,90,55,118,8.02,1838.35,15.04,44.83,Apple
Rajasthan,Black,Zaid,112,56,99,8.03,889.1,26.24,74.9,Cotton
Gujarat,Laterite,Kharif,72,98,27,5.03,1335.14,35.92,45.72,Tea
Andhra Pradesh,Black,Zaid,124,37,81,7.72,974.26,29.31,82.9,Cotton
Telangana,Mountain,Rabi,97,82,66,6.61,987.98,39.98,83.51,Barley
Karnataka,Arid,Kharif,81,41,36,8.46,758.67,22.17,41.79,Barley
Punjab,Alluvial,Zaid,106,30,36,6.69,1571.83,22.01,66.83,Rice
Tamil Nadu,Alluvial,Zaid,149,77,109,8.45,1885.12,18.99,35.26,Rice
Maharashtra,Arid,Zaid,82,76,32,7.64,1893.35,19.1,53.49,Maize
Haryana,Mountain,Rabi,73,96,36,5.87,514.61,22.13,72.8,Barley
Punjab,Alluvial,Rabi,88,23,57,6.88,1774.54,34.82,69.57,Rice
Maharashtra,Alluvial,Zaid,83,26,100,8.47,1527.38,37.64,67.48,Rice
Madhya Pradesh,Alluvial,Kharif,105,80,97,8.0,655.11,39.38,46.95,Sugarcane
Telangana,Laterite,Kharif,77,73,64,5.34,321.11,20.81,52.68,Tea
Madhya Pradesh,Laterite,Rabi,86,87,25,7.47,682.4,37.03,36.18,Maize
Rajasthan,Red,Kharif,56,98,54,6.21,1841.97,23.21,73.14,Maize
Bihar,Black,Rabi,117,20,33,5.02,1339.72,17.82,60.23,Wheat
Karnataka,Arid,Zaid,86,74,91,6.41,1497.9,36.75,72.53,Sugarcane
Telangana,Arid,Rabi,105,22,80,5.82,662.87,30.9,44.94,Wheat
Uttar Pradesh,Arid,Rabi,114,97,34,7.87,1494.9,19.12,49.47,Wheat
Rajasthan,Red,Zaid,114,57,73,6.18,250.62,25.75,50.05,Millet
West Bengal,Laterite,Kharif,96,20,46,7.9,875.58,22.18,31.54,Sugarcane
Uttar Pradesh,Mountain,Rabi,69,57,32,5.0,1328.16,33.42,50.46,Wheat
Kerala,Mountain,Rabi,68,48,50,6.08,462.97,26.34,78.2,Sugarcane
Gujarat,Red,Zaid,78,24,54,5.84,1681.41,39.73,83.84,Sugarcane
Tamil Nadu,Mountain,Kharif,123,93,79,5.82,623.06,16.37,61.09,Apple
Telangana,Arid,Rabi,109,40,25,5.24,1374.11,23.88,57.33,Wheat
West Bengal,Black,Zaid,67,90,88,5.65,929.35,27.05,31.85,Cotton
West Bengal,Alluvial,Rabi,141,86,105,6.94,1272.88,27.58,82.75,Rice
Rajasthan,Laterite,Zaid,84,66,77,6.02,393.41,22.9,30.78,Tea
Odisha,Laterite,Kharif,92,54,68,6.46,230.44,33.23,86.69,Tea
Kerala,Red,Kharif,144,87,42,6.32,1837.22,36.87,59.35,Barley
Bihar,Laterite,Kharif,140,88,108,8.07,685.33,38.47,50.52,Wheat
Telangana,Arid,Kharif,60,20,53,8.17,1675.42,35.13,85.45,Maize
Odisha,Mountain,Rabi,98,87,45,6.73,1998.83,36.26,31.46,Wheat
Rajasthan,Arid,Rabi,87,31,66,6.16,580.58,28.76,64.89,Sugarcane
Gujarat,Red,Kharif,113,79,24,5.37,677.31,35.65,62.94,Millet
Haryana,Arid,Kharif,118,46,109,8.34,1393.15,22.59,43.16,Maize
Punjab,Mountain,Kharif,57,75,39,5.21,1937.81,24.96,55.73,Sugarcane
Punjab,Black,Rabi,83,42,25,6.04,1848.47,22.92,69.14,Cotton
Bihar,Red,Kharif,97,44,89,6.04,1105.18,26.68,73.63,Barley
Gujarat,Black,Kharif,105,40,78,6.12,1631.2,22.14,30.04,Cotton
Andhra Pradesh,Alluvial,Kharif,125,80,83,5.58,444.34,39.04,86.21,Barley
Bihar,Black,Zaid,114,82,37,7.74,1959.39,22.82,39.87,Cotton
Telangana,Alluvial,Kharif,80,71,23,5.43,1935.84,17.45,44.01,Rice
Telangana,Alluvial,Zaid,53,44,36,7.22,494.71,28.17,45.81,Maize
Maharashtra,Black,Zaid,99,74,33,5.43,738.96,16.43,32.27,Barley
Odisha,Red,Kharif,118,65,97,5.25,380.28,17.76,37.38,Millet
Andhra Pradesh,Mountain,Zaid,79,51,32,8.18,689.09,20.48,89.18,Barley
Punjab,Arid,Kharif,137,74,26,5.67,1668.72,26.61,48.91,Wheat
West Bengal,Arid,Rabi,108,24,63,7.87,880.97,25.83,36.92,Wheat
Odisha,Mountain,Rabi,116,55,34,6.91,359.11,34.99,36.42,Barley
Karnataka,Alluvial,Rabi,124,68,38,5.27,816.01,33.49,73.17,Barley
Telangana,Alluvial,Rabi,94,77,82,8.34,1966.49,25.66,81.27,Rice
Kerala,Red,Zaid,53,58,54,5.86,1333.43,23.34,45.42,Wheat
Tamil Nadu,Laterite,Kharif,75,99,100,8.01,949.09,22.91,31.25,Barley
Gujarat,Black,Kharif,76,80,54,5.59,499.77,34.35,43.39,Cotton
Uttar Pradesh,Alluvial,Kharif,95,28,38,7.99,1975.12,16.3,33.39,Rice
Bihar,Arid,Rabi,113,25,39,5.05,1677.53,15.32,36.2,Barley
Telangana,Red,Rabi,140,54,119,6.79,706.66,34.89,55.89,Millet
Odisha,Black,Kharif,100,58,54,7.69,326.12,26.93,43.8,Cotton
Andhra Pradesh,Red,Rabi,99,41,51,8.27,301.93,18.27,60.96,Millet
Tamil Nadu,Black,Kharif,55,60,67,8.18,416.68,20.89,45.21,Cotton
Kerala,Black,Kharif,108,24,63,7.87,1245.38,38.31,86.43,Sugarcane
Odisha,Mountain,Kharif,64,61,43,8.11,1871.77,36.49,84.36,Barley
Uttar Pradesh,Alluvial,Kharif,79,95,80,5.7,1094.14,32.74,64.01,Rice
Tamil Nadu,Red,Kharif,91,99,36,5.99,1717.3,27.06,51.27,Maize
Karnataka,Red,Kharif,86,86,90,6.01,1002.6,28.01,52.87,Sugarcane
Uttar Pradesh,Mountain,Kharif,91,49,69,6.32,1475.45,39.38,54.71,Maize
Rajasthan,Arid,Rabi,84,76,84,6.38,1517.37,39.14,73.65,Barley
Madhya Pradesh,Arid,Kharif,136,92,118,6.91,513.13,20.38,57.1,Wheat
Rajasthan,Alluvial,Kharif,55,48,51,5.56,850.19,35.28,81.4,Sugarcane
Punjab,Alluvial,Rabi,117,56,55,7.42,1347.14,19.93,86.65,Rice
Odisha,Laterite,Rabi,67,32,32,5.59,327.25,20.34,50.16,Tea
Telangana,Mountain,Rabi,122,51,89,6.09,850.77,31.9,63.64,Wheat
Telangana,Arid,Kharif,78,65,77,6.76,1162.64,25.13,35.7,Sugarcane
Telangana,Black,Zaid,126,42,33,7.79,1993.2,38.29,42.03,Wheat
Kerala,Red,Zaid,108,64,56,7.59,1054.16,17.23,54.81,Sugarcane
Madhya Pradesh,Alluvial,Rabi,96,36,98,7.26,1668.9,27.79,42.37,Rice
Rajasthan,Red,Zaid,66,85,87,5.55,977.72,37.96,82.59,Sugarcane
Madhya Pradesh,Red,Rabi,145,25,59,6.91,1633.5,37.6,39.5,Maize
Haryana,Laterite,Kharif,71,37,78,5.31,1271.75,18.91,57.34,Tea
Odisha,Arid,Zaid,117,41,99,6.32,1795.87,24.17,66.34,Wheat
Madhya Pradesh,Alluvial,Kharif,118,52,111,6.45,939.7,30.48,71.51,Maize
West Bengal,Red,Zaid,86,49,35,5.14,1287.75,18.98,52.98,Maize
Bihar,Alluvial,Kharif,98,51,81,5.96,1334.03,39.2,82.15,Rice
Bihar,Black,Zaid,62,61,23,8.34,951.29,37.87,64.1,Wheat
West Bengal,Laterite,Kharif,83,97,64,8.34,459.76,19.17,56.37,Sugarcane
Tamil Nadu,Black,Kharif,135,29,109,6.23,368.41,18.03,34.03,Maize
Maharashtra,Alluvial,Zaid,102,55,47,5.15,230.01,17.14,57.88,Wheat
Kerala,Alluvial,Kharif,136,53,115,5.63,1772.36,37.74,79.24,Rice
Tamil Nadu,Arid,Kharif,100,92,85,6.37,625.65,19.84,66.87,Sugarcane
Uttar Pradesh,Red,Kharif,52,47,50,8.32,580.71,25.41,79.93,Millet
Andhra Pradesh,Red,Zaid,91,30,22,5.49,1524.86,26.22,59.64,Maize
Kerala,Black,Zaid,147,97,27,7.67,776.03,29.98,37.11,Cotton
Kerala,Laterite,Kharif,81,58,43,5.38,1110.88,16.79,30.82,Tea
Uttar Pradesh,Mountain,Kharif,100,66,34,8.43,492.52,20.67,48.19,Maize
Madhya Pradesh,Red,Zaid,134,38,62,6.34,1927.54,38.29,71.88,Maize
Rajasthan,Arid,Zaid,95,34,50,7.71,1732.85,37.71,77.42,Sugarcane
Rajasthan,Black,Kharif,70,47,92,6.2,1754.82,34.53,47.75,Cotton
Bihar,Black,Kharif,93,43,64,7.2,932.19,15.49,59.74,Maize
Gujarat,Mountain,Kharif,60,91,85,5.67,1572.25,23.18,55.27,Sugarcane
Tamil Nadu,Arid,Rabi,117,28,27,5.51,458.98,30.7,54.63,Bajra
Haryana,Laterite,Zaid,50,66,90,8.28,215.51,21.88,43.88,Barley
Odisha,Arid,Rabi,141,52,76,8.21,235.95,37.74,38.18,Bajra
Punjab,Laterite,Zaid,112,81,99,8.11,1255.88,30.85,41.8,Maize
Karnataka,Arid,Zaid,73,38,118,7.19,1019.71,16.8,33.32,Barley
Rajasthan,Arid,Zaid,148,86,49,7.83,1132.43,37.73,41.89,Wheat
Odisha,Alluvial,Zaid,62,93,93,5.24,213.43,38.94,30.55,Maize
Karnataka,Black,Zaid,147,59,37,6.17,960.84,16.94,67.64,Wheat
Odisha,Arid,Zaid,60,66,88,6.1,1492.52,28.31,48.98,Wheat
Madhya Pradesh,Mountain,Zaid,149,84,112,7.22,996.85,22.58,88.39,Wheat
Karnataka,Arid,Rabi,100,48,58,6.25,1517.99,24.82,41.62,Barley
Punjab,Red,Kharif,66,69,79,5.52,619.43,19.49,50.75,Millet
Odisha,Black,Kharif,148,32,117,7.09,1663.66,29.45,51.47,Cotton
West Bengal,Red,Rabi,131,20,62,7.85,1259.18,38.95,30.51,Sugarcane
Punjab,Black,Rabi,135,53,64,6.34,579.37,27.58,80.35,Cotton
Karnataka,Red,Rabi,73,67,42,5.46,626.1,17.07,31.92,Millet
Punjab,Arid,Rabi,68,96,88,5.69,1330.45,30.5,86.41,Barley
Odisha,Arid,Zaid,86,67,113,5.83,1693.89,23.51,83.52,Barley
Maharashtra,Alluvial,Kharif,134,68,25,6.05,948.13,36.4,62.13,Wheat
Odisha,Mountain,Zaid,57,83,75,7.25,664.94,25.87,62.62,Maize
Odisha,Red,Kharif,77,80,23,7.1,1760.62,19.82,69.23,Sugarcane
Madhya Pradesh,Laterite,Kharif,54,48,112,7.44,1404.68,19.78,53.22,Wheat
Tamil Nadu,Alluvial,Rabi,66,58,42,6.27,1006.55,34.22,68.83,Rice
West Bengal,Red,Zaid,85,45,25,7.88,1078.22,21.64,32.69,Sugarcane
Haryana,Red,Rabi,68,36,51,5.71,567.66,34.18,33.24,Millet
Rajasthan,Alluvial,Zaid,113,90,37,6.64,1328.24,20.15,57.43,Rice
Kerala,Arid,Kharif,140,32,34,7.8,845.74,23.04,62.98,Barley
Uttar Pradesh,Red,Rabi,147,88,59,5.63,1992.16,26.64,83.27,Sugarcane
Tamil Nadu,Arid,Rabi,60,45,115,5.38,1064.33,38.58,36.28,Sugarcane
Uttar Pradesh,Alluvial,Kharif,103,68,92,8.09,1074.59,38.29,79.36,Rice
Madhya Pradesh,Arid,Kharif,94,86,93,6.2,1218.53,20.17,42.6,Maize
West Bengal,Black,Kharif,96,26,103,7.39,1850.16,23.96,53.65,Cotton
Telangana,Laterite,Rabi,61,77,25,5.09,1641.47,18.73,49.0,Tea
Odisha,Red,Zaid,70,68,82,7.42,1012.03,27.75,54.01,Wheat
Telangana,Mountain,Rabi,60,72,86,6.11,1493.66,26.51,39.03,Sugarcane
Telangana,Laterite,Zaid,141,84,30,5.2,1255.22,37.52,60.21,Tea
Andhra Pradesh,Arid,Rabi,54,81,62,7.13,1086.26,38.25,78.1,Sugarcane
Bihar,Red,Rabi,130,36,36,5.84,546.17,24.59,56.49,Millet
Telangana,Arid,Kharif,105,62,115,6.35,1035.09,27.29,59.44,Barley
Rajasthan,Black,Zaid,69,44,23,5.28,642.47,37.41,80.93,Barley
Maharashtra,Alluvial,Rabi,90,22,82,5.52,1846.72,35.17,72.36,Rice
Bihar,Red,Rabi,95,98,87,6.04,803.73,15.09,59.43,Sugarcane
Madhya Pradesh,Black,Kharif,61,48,100,5.31,1914.08,23.0,45.46,Cotton
Kerala,Black,Kharif,119,51,60,8.19,1159.5,25.54,83.1,Cotton
Tamil Nadu,Red,Zaid,66,45,102,5.02,1336.78,20.74,64.62,Wheat
Maharashtra,Arid,Rabi,68,35,24,6.69,1177.29,19.99,43.27,Sugarcane
Punjab,Mountain,Zaid,75,44,51,5.43,432.89,15.94,46.15,Apple
Karnataka,Black,Rabi,97,73,105,6.08,876.48,31.08,78.19,Cotton
Andhra Pradesh,Laterite,Zaid,101,47,89,8.24,378.46,21.56,32.65,Sugarcane
Maharashtra,Black,Kharif,145,92,54,5.57,1321.32,16.31,89.53,Maize
Haryana,Mountain,Rabi,119,75,41,8.38,1004.37,20.77,37.82,Wheat
Telangana,Arid,Zaid,104,84,84,5.72,1600.37,35.05,77.76,Maize
Madhya Pradesh,Arid,Kharif,149,99,103,7.6,596.85,36.29,53.69,Wheat
Gujarat,Laterite,Kharif,124,60,41,6.91,496.22,27.08,59.53,Wheat
Karnataka,Black,Zaid,82,70,30,8.1,931.4,25.4,82.84,Cotton
Uttar Pradesh,Arid,Rabi,111,90,96,6.94,1867.85,39.45,54.77,Wheat
Rajasthan,Mountain,Rabi,137,97,22,6.87,1478.76,20.01,62.25,Maize
Uttar Pradesh,Red,Kharif,72,48,28,5.68,954.06,20.38,32.96,Maize
Maharashtra,Alluvial,Rabi,64,38,79,5.58,1131.09,22.3,30.14,Rice
Kerala,Alluvial,Rabi,76,85,95,8.21,351.58,19.32,44.69,Maize
Uttar Pradesh,Alluvial,Rabi,124,60,106,6.15,1972.24,24.48,70.83,Rice
Haryana,Black,Kharif,113,64,33,6.3,1399.53,37.77,37.28,Barley
Madhya Pradesh,Laterite,Zaid,130,34,116,7.66,713.73,30.38,36.83,Maize
Punjab,Arid,Rabi,100,22,37,6.19,1254.46,25.3,54.66,Barley
Kerala,Red,Kharif,102,30,92,8.33,397.07,38.36,68.87,Millet
Tamil Nadu,Mountain,Kharif,127,72,42,7.58,1938.51,16.21,72.72,Apple
Rajasthan,Red,Zaid,140,65,93,7.09,514.61,20.26,40.71,Millet
Haryana,Mountain,Rabi,131,49,102,8.08,1366.45,29.15,34.78,Barley
Haryana,Black,Rabi,141,76,66,5.17,641.82,30.39,86.42,Cotton
Uttar Pradesh,Alluvial,Zaid,100,37,88,5.9,1491.61,15.99,45.64,Rice
Telangana,Black,Zaid,96,70,66,6.63,1598.28,25.08,81.2,Cotton
Uttar Pradesh,Laterite,Kharif,53,67,106,5.79,1412.16,31.23,81.81,Tea
Maharashtra,Laterite,Kharif,56,85,49,7.6,1306.1,32.45,76.35,Barley
Tamil Nadu,Mountain,Zaid,84,27,44,8.22,1806.44,30.95,40.13,Sugarcane
Bihar,Arid,Rabi,97,41,47,6.48,341.53,23.01,79.31,Bajra
Kerala,Arid,Kharif,122,25,117,6.2,795.65,17.34,76.16,Sugarcane
Uttar Pradesh,Mountain,Kharif,121,95,44,8.37,646.92,25.68,65.8,Sugarcane
Madhya Pradesh,Laterite,Rabi,94,76,93,6.56,1978.43,18.22,50.23,Barley
Gujarat,Laterite,Kharif,130,55,97,6.71,900.9,38.69,45.75,Barley
Rajasthan,Laterite,Rabi,130,98,77,6.23,1518.7,26.88,37.31,Tea
Odisha,Black,Rabi,146,76,113,8.18,1432.51,22.93,60.59,Cotton
Uttar Pradesh,Laterite,Rabi,145,68,60,6.99,581.75,34.16,65.12,Wheat
Madhya Pradesh,Red,Zaid,121,64,44,7.67,630.2,27.45,51.56,Millet
Kerala,Alluvial,Zaid,68,85,97,7.84,706.31,22.75,58.52,Barley
Madhya Pradesh,Laterite,Zaid,112,96,118,6.2,940.03,35.3,51.81,Tea
Rajasthan,Mountain,Rabi,87,64,67,6.52,621.79,36.68,68.46,Sugarcane
Bihar,Alluvial,Rabi,116,98,117,7.97,235.37,31.83,84.08,Barley
Madhya Pradesh,Black,Zaid,108,39,29,6.27,1782.91,16.17,39.84,Barley
Gujarat,Mountain,Kharif,118,83,118,7.78,1938.1,29.16,52.88,Wheat
Madhya Pradesh,Alluvial,Rabi,62,86,94,8.29,814.83,34.08,38.45,Barley
Madhya Pradesh,Mountain,Kharif,96,22,30,7.18,809.31,18.41,67.5,Apple
Madhya Pradesh,Black,Kharif,110,73,104,7.6,212.77,20.72,73.73,Cotton
Punjab,Red,Rabi,80,97,40,7.82,1424.45,37.06,85.91,Maize
Punjab,Black,Rabi,129,83,105,7.96,1685.79,15.5,46.73,Wheat
Bihar,Black,Kharif,145,59,64,6.38,463.89,33.82,87.01,Cotton
Uttar Pradesh,Mountain,Kharif,71,78,26,5.18,487.4,26.84,33.8,Barley
Madhya Pradesh,Arid,Zaid,142,74,100,6.41,1622.15,26.17,66.18,Barley
Andhra Pradesh,Laterite,Zaid,135,81,83,7.36,1309.32,15.18,33.43,Wheat
Tamil Nadu,Laterite,Rabi,92,23,83,6.58,280.75,35.48,83.63,Barley
Andhra Pradesh,Red,Zaid,116,79,21,7.62,1320.58,24.0,61.79,Sugarcane
